aX,aY,aZ,gX,gY,gZ
1.1715087890625,-0.1788330078125,1.2340087890625,-10.742186546325684,-4.150390625,-8.4228515625
1.244140625,-0.23486328125,1.0916748046875,2.624511480331421,-7.019042491912842,1.0986328125
1.2113037109375,-0.1324462890625,1.1898193359375,9.21630859375,-13.122557640075684,11.169432640075684
1.158447265625,-0.1280517578125,1.20068359375,-23.376462936401367,-11.901854515075684,10.437010765075684
1.0875244140625,-0.1611328125,1.1099853515625,-5.0048828125,-5.676269054412842,14.709471702575684
1.0294189453125,-0.1348876953125,1.0396728515625,-19.10400390625,0.6713866591453552,14.953612327575684
0.9307861328125,-0.123046875,0.952880859375,-18.85986328125,3.540038824081421,14.038084983825684
0.8580322265625,-0.074462890625,0.9102783203125,-13.305663108825684,6.958007335662842,10.192870140075684
0.78662109375,-0.080078125,0.759765625,-22.521970748901367,6.164550304412842,6.713866710662842
0.742919921875,-0.0562744140625,0.6220703125,20.996091842651367,7.873534679412842,2.38037109375
0.5723876953125,0.011474609375,0.7318115234375,4.94384765625,15.563963890075684,-6.164550304412842
0.540771484375,-0.0640869140625,0.47900390625,-16.4794921875,16.29638671875,-20.935056686401367
0.531982421875,-0.07568359375,0.2705078125,54.138179779052734,14.709471702575684,-15.136717796325684
0.3607177734375,0.04150390625,0.4791259765625,16.6015625,15.808104515075684,-16.845703125
0.3729248046875,-0.09228515625,0.1845703125,-17.88330078125,9.58251953125,-18.6767578125
0.327880859375,0.0106201171875,0.212890625,39.9169921875,5.920409679412842,2.929687261581421
0.333740234375,0.065673828125,0.2596435546875,-4.45556640625,3.662109136581421,6.042479991912842
0.4093017578125,-0.0538330078125,0.190673828125,-35.64453125,-2.868652105331421,11.413573265075684
0.50390625,-0.0330810546875,0.3056640625,-11.535643577575684,-2.50244140625,19.6533203125
0.63525390625,0.00146484375,0.401611328125,-14.831542015075684,-4.0283203125,14.282225608825684
0.6890869140625,-0.0093994140625,0.4783935546875,-9.09423828125,-6.408690929412842,7.934569835662842
0.78271484375,0.086181640625,0.6201171875,12.390135765075684,-2.3193359375,6.896972179412842
0.8460693359375,0.10693359375,0.658203125,15.014647483825684,0.7324218153953552,10.131834983825684
0.8067626953125,0.0762939453125,0.7340087890625,6.713866710662842,4.82177734375,10.437010765075684
0.7979736328125,0.06103515625,0.691650390625,-4.150390625,9.033203125,4.21142578125
0.762939453125,0.0355224609375,0.6259765625,4.45556640625,5.798339366912842,1.4038084745407104
0.7685546875,0.044921875,0.644775390625,-1.2817381620407104,-0.7934569716453552,2.746581792831421
0.765625,0.041748046875,0.6483154296875,-7.812499523162842,-0.54931640625,3.173827886581421
0.7635498046875,0.019775390625,0.61279296875,-5.432128429412842,1.7089842557907104,2.3193359375
0.767822265625,0.0379638671875,0.590087890625,-1.4038084745407104,2.50244140625,2.197265625
0.7816162109375,0.038330078125,0.5936279296875,1.4648436307907104,1.7700194120407104,2.3193359375
0.7757568359375,0.0140380859375,0.624755859375,1.03759765625,2.38037109375,2.0751953125
0.7803955078125,0.0235595703125,0.6094970703125,2.868652105331421,2.50244140625,2.929687261581421
0.7711181640625,0.027099609375,0.6253662109375,-1.15966796875,0.7324218153953552,2.929687261581421
0.7669677734375,0.013916015625,0.614013671875,-1.5869139432907104,-1.15966796875,0.7324218153953552
0.7669677734375,0.025390625,0.6365966796875,2.3193359375,-2.0751953125,-0.6103515625
0.7694091796875,0.0216064453125,0.6314697265625,-1.15966796875,-2.50244140625,-1.3427733182907104
0.7777099609375,0.0245361328125,0.637451171875,-2.624511480331421,-2.197265625,-1.4038084745407104
0.77783203125,0.007080078125,0.6434326171875,-2.197265625,-1.15966796875,-1.0986328125
0.7791748046875,-0.0076904296875,0.6209716796875,-1.5869139432907104,-0.8544921278953552,-0.1220703050494194
0.7789306640625,-0.0040283203125,0.61474609375,-0.6713866591453552,-2.01416015625,-0.0610351525247097
0.7694091796875,-0.0262451171875,0.6317138671875,-0.1220703050494194,-0.1831054538488388,-2.807616949081421
0.7760009765625,-0.0357666015625,0.617919921875,5.126952648162842,1.8920897245407104,-6.347655773162842
0.739013671875,-0.030029296875,0.61181640625,7.446288585662842,2.197265625,-8.48388671875
0.7158203125,-0.0128173828125,0.6185302734375,2.990722417831421,-1.03759765625,-9.33837890625
0.7098388671875,-0.007080078125,0.618408203125,0.7934569716453552,-3.234863042831421,-5.615233898162842
0.7342529296875,-0.0093994140625,0.594482421875,-4.8828125,-4.45556640625,-0.7324218153953552
0.7376708984375,-0.0357666015625,0.6119384765625,-7.812499523162842,-2.990722417831421,-0.0610351525247097
0.8363037109375,-0.0494384765625,0.634765625,-4.94384765625,0.6103515625,-6.042479991912842
0.753662109375,-0.069580078125,0.6976318359375,4.33349609375,5.859374523162842,-17.7001953125
0.86328125,0.0391845703125,0.578857421875,22.460935592651367,0.9155272841453552,-1.4038084745407104
0.8184814453125,0.0079345703125,0.62939453125,-0.54931640625,-3.479003667831421,0.4882812201976776
0.7587890625,-0.0833740234375,0.6602783203125,0.4272460639476776,0.7934569716453552,-2.868652105331421
0.7711181640625,-0.0521240234375,0.624267578125,5.0048828125,4.2724609375,-3.173827886581421
0.7825927734375,-0.0267333984375,0.61865234375,0.2441406100988388,-0.4272460639476776,-1.7089842557907104
0.7745361328125,-0.0150146484375,0.66064453125,-2.563476324081421,-1.7700194120407104,-0.1831054538488388
0.781005859375,-0.0142822265625,0.65673828125,-4.150390625,-1.03759765625,2.13623046875
0.78662109375,-0.001953125,0.6319580078125,-4.150390625,-0.9765624403953552,3.906249761581421
0.7691650390625,-0.001220703125,0.6270751953125,-3.967284917831421,-0.54931640625,5.065917491912842
0.766845703125,-0.0062255859375,0.6221923828125,-0.3662109076976776,0.4882812201976776,5.310058116912842
0.7657470703125,-0.002685546875,0.6231689453125,0.2441406100988388,0.54931640625,4.39453125
0.7535400390625,0.00048828125,0.63232421875,2.01416015625,0.4272460639476776,2.807616949081421
0.759765625,-0.008056640625,0.6309814453125,1.7089842557907104,-0.2441406100988388,1.8310545682907104
0.75732421875,-0.0189208984375,0.63623046875,1.4648436307907104,-0.0610351525247097,1.220703125
0.7623291015625,-0.0128173828125,0.626953125,1.5258787870407104,0.4882812201976776,0.6713866591453552
0.766845703125,-0.007080078125,0.6190185546875,0.54931640625,0.1220703050494194,0.1220703050494194
0.7603759765625,-0.0087890625,0.6031494140625,2.990722417831421,-0.4882812201976776,-0.9155272841453552
0.7835693359375,0.00146484375,0.629150390625,4.8828125,-0.7934569716453552,-1.4038084745407104
0.782958984375,-0.001953125,0.6519775390625,-0.6103515625,-0.30517578125,-2.197265625
0.782470703125,0.01123046875,0.63623046875,1.15966796875,0.1220703050494194,-1.03759765625
0.7772216796875,0.0157470703125,0.6212158203125,1.6479490995407104,0.0,0.6713866591453552
0.7611083984375,-0.002197265625,0.6014404296875,3.601073980331421,-0.7934569716453552,1.9531248807907104
0.7637939453125,-0.0047607421875,0.61279296875,4.2724609375,-1.8310545682907104,3.234863042831421
0.7684326171875,-0.0067138671875,0.6280517578125,3.967284917831421,-2.44140625,3.906249761581421
0.782470703125,-0.0106201171875,0.6392822265625,3.845214605331421,-2.807616949081421,4.0283203125
0.767578125,-0.00048828125,0.6593017578125,-0.6103515625,-2.3193359375,4.638671875
0.7889404296875,0.0167236328125,0.6317138671875,1.03759765625,-2.50244140625,6.347655773162842
0.7735595703125,0.00390625,0.657958984375,-0.7934569716453552,-1.3427733182907104,6.042479991912842
0.77880859375,-0.00146484375,0.63427734375,-0.1831054538488388,1.5869139432907104,3.906249761581421
0.7696533203125,-0.0068359375,0.6370849609375,2.3193359375,2.38037109375,3.112792730331421
0.77490234375,-0.0262451171875,0.6409912109375,-1.4648436307907104,2.0751953125,2.197265625
0.7652587890625,-0.0421142578125,0.6429443359375,-0.2441406100988388,3.479003667831421,-0.0610351525247097
0.7591552734375,-0.0384521484375,0.61767578125,2.929687261581421,4.150390625,-3.723144292831421
0.7376708984375,-0.0240478515625,0.623779296875,2.01416015625,2.50244140625,-5.676269054412842
0.7347412109375,-0.0145263671875,0.6185302734375,-4.08935546875,1.5258787870407104,-7.568358898162842
0.7296142578125,-0.0113525390625,0.593505859375,-4.39453125,2.25830078125,-5.249022960662842
0.752197265625,0.0030517578125,0.5711669921875,-2.01416015625,1.5869139432907104,-0.1220703050494194
0.8701171875,-0.0679931640625,0.67431640625,-5.798339366912842,0.4272460639476776,-11.047362327575684
0.7523193359375,0.012939453125,0.6810302734375,24.902341842651367,5.798339366912842,-7.446288585662842
0.8489990234375,0.08056640625,0.615234375,2.3193359375,-6.042479991912842,3.967284917831421
0.76171875,-0.0501708984375,0.6697998046875,-5.065917491912842,-4.8828125,2.0751953125
0.770751953125,-0.0478515625,0.64013671875,1.3427733182907104,0.1831054538488388,0.30517578125
0.7740478515625,-0.011962890625,0.5986328125,-0.9765624403953552,-1.03759765625,1.15966796875
0.7684326171875,-0.02490234375,0.6265869140625,-2.868652105331421,-4.94384765625,3.051757574081421
0.7628173828125,-0.0167236328125,0.6575927734375,-1.5258787870407104,-1.4648436307907104,3.723144292831421
0.774169921875,-0.0098876953125,0.6376953125,-5.432128429412842,0.30517578125,2.929687261581421
0.7666015625,-0.00634765625,0.6256103515625,-5.249022960662842,0.7324218153953552,1.7700194120407104
0.768310546875,0.005615234375,0.6031494140625,-1.7700194120407104,-0.3662109076976776,0.3662109076976776
0.7742919921875,-0.002197265625,0.6065673828125,-0.8544921278953552,-1.6479490995407104,-0.54931640625
0.77783203125,-0.0198974609375,0.6143798828125,3.295898199081421,0.4272460639476776,-1.8310545682907104
1.254150390625,-0.1888427734375,1.081298828125,-4.08935546875,-5.187987804412842,-15.258788108825684
1.2449951171875,-0.17578125,1.085205078125,12.207030296325684,-6.042479991912842,-6.835937023162842
1.251953125,-0.124267578125,1.1473388671875,-4.0283203125,-3.967284917831421,-2.868652105331421
1.229248046875,-0.201416015625,1.066162109375,0.1220703050494194,-3.601073980331421,0.4882812201976776
1.1558837890625,-0.2003173828125,1.0888671875,10.742186546325684,-0.9155272841453552,8.48388671875
1.0870361328125,-0.1898193359375,1.0186767578125,-8.4228515625,1.8310545682907104,13.122557640075684
1.0078125,-0.1519775390625,0.9356689453125,-12.023924827575684,2.13623046875,17.333984375
0.9691162109375,-0.1146240234375,0.8956298828125,-7.141112804412842,2.746581792831421,16.2353515625
0.8974609375,-0.1368408203125,0.80615234375,-12.817381858825684,2.01416015625,10.437010765075684
0.850341796875,-0.105712890625,0.7276611328125,1.5258787870407104,0.9765624403953552,5.798339366912842
0.7442626953125,-0.10400390625,0.6976318359375,1.6479490995407104,-0.9155272841453552,-1.8920897245407104
0.739013671875,-0.0543212890625,0.633056640625,3.601073980331421,0.0610351525247097,-5.798339366912842
0.679443359375,-0.104736328125,0.525634765625,11.657713890075684,-3.173827886581421,-13.427733421325684
0.5794677734375,-0.068603515625,0.57861328125,30.273435592651367,1.8920897245407104,-10.620116233825684
0.5054931640625,-0.06103515625,0.4219970703125,-1.8920897245407104,2.929687261581421,-19.59228515625
0.4725341796875,-0.0799560546875,0.3162841796875,26.000974655151367,3.723144292831421,-8.97216796875
0.384033203125,-0.0103759765625,0.39111328125,16.7236328125,9.82666015625,-0.6103515625
0.4287109375,-0.0306396484375,0.2489013671875,-16.54052734375,10.009765625,1.15966796875
0.3939208984375,-0.0604248046875,0.2706298828125,-8.544921875,7.263183116912842,7.141112804412842
0.4400634765625,-0.0458984375,0.3232421875,3.112792730331421,9.70458984375,10.864256858825684
0.508544921875,-0.0474853515625,0.367431640625,-13.916014671325684,6.591796398162842,12.695311546325684
0.5853271484375,-0.057861328125,0.435791015625,-19.59228515625,7.019042491912842,10.375975608825684
0.6588134765625,-0.025390625,0.472900390625,-4.7607421875,9.21630859375,7.141112804412842
0.732666015625,0.0323486328125,0.489990234375,0.3662109076976776,6.896972179412842,6.042479991912842
0.787841796875,0.0191650390625,0.5645751953125,-5.371093273162842,4.39453125,5.371093273162842
0.822265625,0.0286865234375,0.5938720703125,2.197265625,5.859374523162842,7.629394054412842
0.8651123046875,0.026611328125,0.636962890625,-1.3427733182907104,3.784179449081421,8.7890625
0.847412109375,0.020263671875,0.6552734375,-4.45556640625,3.051757574081421,6.591796398162842
0.822265625,0.017822265625,0.6075439453125,-0.2441406100988388,3.173827886581421,5.249022960662842
0.8057861328125,0.0218505859375,0.572265625,-2.197265625,0.6103515625,5.798339366912842
0.7862548828125,-0.0040283203125,0.5703125,-5.432128429412842,-0.2441406100988388,4.39453125
0.7978515625,0.0037841796875,0.5572509765625,-1.03759765625,-0.1831054538488388,2.807616949081421
0.80517578125,0.0084228515625,0.572509765625,-2.197265625,-1.3427733182907104,2.197265625
0.8006591796875,0.0037841796875,0.5748291015625,0.6713866591453552,-2.563476324081421,2.807616949081421
0.80419921875,0.0079345703125,0.5831298828125,1.4648436307907104,-3.540038824081421,2.746581792831421
0.7958984375,0.000732421875,0.5999755859375,2.197265625,-4.33349609375,2.13623046875
0.7900390625,-0.008056640625,0.6004638671875,0.9155272841453552,-3.479003667831421,0.0610351525247097
0.7803955078125,-0.0218505859375,0.6021728515625,2.3193359375,-2.50244140625,-0.54931640625
0.7752685546875,-0.0228271484375,0.6063232421875,3.601073980331421,-0.8544921278953552,-0.7934569716453552
0.788330078125,-0.01171875,0.60009765625,1.0986328125,-1.3427733182907104,-0.1220703050494194
0.7808837890625,-0.010498046875,0.6253662109375,-0.7324218153953552,-2.0751953125,-0.3662109076976776
0.7913818359375,-0.025146484375,0.6025390625,-0.6713866591453552,-1.5258787870407104,-1.4648436307907104
0.7919921875,-0.0262451171875,0.6068115234375,0.2441406100988388,-0.8544921278953552,-1.2817381620407104
0.7867431640625,-0.032470703125,0.607177734375,-0.7324218153953552,-0.2441406100988388,-1.15966796875
0.783935546875,-0.02197265625,0.5982666015625,-1.8310545682907104,-0.7324218153953552,-1.4648436307907104
0.781494140625,-0.019775390625,0.597900390625,-2.01416015625,-0.7324218153953552,-1.7700194120407104
0.7825927734375,-0.0208740234375,0.60205078125,-0.9765624403953552,0.1220703050494194,-2.563476324081421
0.7880859375,-0.0196533203125,0.5955810546875,-0.54931640625,-0.3662109076976776,-3.479003667831421
0.7864990234375,-0.0213623046875,0.6068115234375,0.1831054538488388,-0.4272460639476776,-3.417968511581421
0.792236328125,-0.025146484375,0.60693359375,0.2441406100988388,-0.4882812201976776,-2.746581792831421
0.794921875,-0.025634765625,0.61328125,-0.9765624403953552,-0.4882812201976776,-2.13623046875
0.7899169921875,-0.0262451171875,0.6136474609375,-0.1831054538488388,-0.6713866591453552,-1.4038084745407104
0.7908935546875,-0.016845703125,0.6038818359375,-0.3662109076976776,-1.5869139432907104,-1.0986328125
0.7891845703125,-0.0140380859375,0.6165771484375,0.0610351525247097,-1.8920897245407104,-0.3662109076976776
0.789306640625,-0.026611328125,0.6197509765625,0.0610351525247097,-0.4882812201976776,-0.1220703050494194
0.77734375,-0.0264892578125,0.6182861328125,-0.9155272841453552,0.6103515625,0.3662109076976776
0.7845458984375,-0.0194091796875,0.595703125,-0.7934569716453552,0.3662109076976776,0.4882812201976776
0.7852783203125,-0.0206298828125,0.6075439453125,0.1220703050494194,0.2441406100988388,-0.4272460639476776
0.784912109375,-0.02099609375,0.6162109375,1.220703125,0.1831054538488388,-1.2817381620407104
0.7864990234375,-0.0279541015625,0.6131591796875,-0.9765624403953552,-0.4272460639476776,-1.15966796875
0.786376953125,-0.0303955078125,0.61474609375,0.0,0.0,-1.03759765625
0.7862548828125,-0.0274658203125,0.6116943359375,-1.03759765625,0.0,-0.54931640625
0.7874755859375,-0.0223388671875,0.6138916015625,-1.4038084745407104,-0.30517578125,0.0610351525247097
0.7879638671875,-0.02001953125,0.6011962890625,-1.0986328125,-0.0610351525247097,0.1831054538488388
0.788330078125,-0.0189208984375,0.6046142578125,0.0,-0.4272460639476776,0.1831054538488388
0.7818603515625,-0.02392578125,0.604736328125,0.1220703050494194,0.0,0.0
0.7864990234375,-0.023681640625,0.6033935546875,0.3662109076976776,0.2441406100988388,-0.3662109076976776
0.7802734375,-0.0257568359375,0.6070556640625,1.2817381620407104,0.9765624403953552,-1.15966796875
0.7872314453125,-0.0234375,0.6072998046875,0.8544921278953552,0.4882812201976776,-1.2817381620407104
0.789794921875,-0.0255126953125,0.616943359375,0.4272460639476776,0.1220703050494194,-0.9155272841453552
0.78955078125,-0.0272216796875,0.6104736328125,0.4272460639476776,0.54931640625,-1.220703125
0.789794921875,-0.0223388671875,0.6072998046875,0.7934569716453552,0.3662109076976776,-0.7324218153953552
0.7872314453125,-0.022705078125,0.6142578125,0.7324218153953552,0.30517578125,-0.2441406100988388
0.7821044921875,-0.0198974609375,0.6151123046875,-0.7324218153953552,-0.0610351525247097,0.54931640625
0.789794921875,-0.0150146484375,0.603515625,-1.0986328125,-0.3662109076976776,0.6713866591453552
0.7901611328125,-0.0106201171875,0.60986328125,0.30517578125,-0.30517578125,0.2441406100988388
0.78759765625,-0.01806640625,0.598388671875,0.1831054538488388,-0.54931640625,-1.0986328125
0.7891845703125,-0.0196533203125,0.6103515625,1.03759765625,-1.2817381620407104,-0.4272460639476776
0.785400390625,-0.0250244140625,0.6170654296875,-0.6713866591453552,-0.6713866591453552,-0.30517578125
0.7808837890625,-0.0184326171875,0.60888671875,0.6713866591453552,0.0,-0.2441406100988388
0.780517578125,-0.011962890625,0.6114501953125,-0.54931640625,-0.54931640625,-0.8544921278953552
0.7845458984375,-0.014892578125,0.61376953125,-0.4882812201976776,-1.03759765625,-0.6713866591453552
0.7860107421875,-0.009765625,0.6136474609375,-0.1220703050494194,-1.15966796875,-0.6103515625
0.7880859375,-0.009521484375,0.6051025390625,-0.3662109076976776,-0.6103515625,-0.9765624403953552
0.7841796875,-0.016845703125,0.599365234375,-0.0610351525247097,-0.3662109076976776,-1.6479490995407104
0.7890625,-0.0189208984375,0.6046142578125,1.5869139432907104,-0.2441406100988388,-1.0986328125
0.7911376953125,-0.0177001953125,0.613037109375,1.03759765625,0.0,-0.7324218153953552
0.790283203125,-0.0146484375,0.6102294921875,1.0986328125,-0.30517578125,0.0
0.78662109375,-0.0167236328125,0.6102294921875,1.2817381620407104,-0.6713866591453552,-0.0610351525247097
0.7882080078125,-0.019775390625,0.6173095703125,1.5869139432907104,-0.54931640625,-0.1220703050494194
0.783935546875,-0.0201416015625,0.6175537109375,0.2441406100988388,-0.4272460639476776,0.0
0.780517578125,-0.01806640625,0.6126708984375,0.2441406100988388,-0.2441406100988388,0.4272460639476776
0.78173828125,-0.01513671875,0.60693359375,-0.3662109076976776,-0.6713866591453552,0.4272460639476776
0.7802734375,-0.017578125,0.614013671875,1.15966796875,-0.54931640625,-0.6103515625
0.782470703125,-0.0194091796875,0.6134033203125,0.9155272841453552,-0.6103515625,-1.0986328125
0.7835693359375,-0.02685546875,0.61474609375,-0.2441406100988388,-1.2817381620407104,-0.30517578125
0.781494140625,-0.024658203125,0.615966796875,0.6103515625,-0.6713866591453552,0.0
0.783447265625,-0.016845703125,0.62353515625,-0.2441406100988388,-0.7934569716453552,0.54931640625
0.779052734375,-0.0184326171875,0.61962890625,-0.9765624403953552,-0.7324218153953552,0.7324218153953552
0.7801513671875,-0.0185546875,0.61474609375,-0.8544921278953552,-0.7934569716453552,0.6103515625
1.3294677734375,-0.184326171875,1.018310546875,4.08935546875,-2.44140625,-10.437010765075684
1.2869873046875,-0.140625,1.162109375,18.24951171875,-3.112792730331421,-3.845214605331421
1.275390625,-0.129150390625,1.1224365234375,2.01416015625,-1.6479490995407104,0.3662109076976776
1.2218017578125,-0.1749267578125,1.0185546875,3.784179449081421,-4.8828125,7.751464366912842
1.13623046875,-0.1156005859375,1.0987548828125,-2.563476324081421,-2.44140625,12.512206077575684
1.0706787109375,-0.153076171875,0.967041015625,-14.160155296325684,1.4648436307907104,12.512206077575684
0.9844970703125,-0.162841796875,0.8309326171875,-8.9111328125,3.112792730331421,11.779784202575684
0.881103515625,-0.111572265625,0.8570556640625,2.929687261581421,8.11767578125,10.070799827575684
0.8094482421875,-0.1044921875,0.651123046875,-7.629394054412842,5.859374523162842,3.662109136581421
0.7041015625,-0.110107421875,0.6116943359375,6.103515148162842,2.746581792831421,-0.2441406100988388
0.718994140625,-0.0531005859375,0.6058349609375,19.287109375,4.150390625,-4.7607421875
0.6251220703125,-0.0860595703125,0.583251953125,12.695311546325684,2.929687261581421,-10.131834983825684
0.5728759765625,-0.076416015625,0.47119140625,25.207517623901367,4.7607421875,-16.4794921875
0.4842529296875,-0.0772705078125,0.370849609375,40.649410247802734,1.6479490995407104,-13.671874046325684
0.37109375,-0.0557861328125,0.3948974609375,7.690429210662842,-5.0048828125,-17.9443359375
0.4158935546875,-0.0928955078125,0.275634765625,7.934569835662842,-2.38037109375,-21.545408248901367
0.4102783203125,-0.0465087890625,0.271240234375,37.04833984375,3.662109136581421,-12.451170921325684
0.3055419921875,-0.01220703125,0.33984375,-8.11767578125,5.371093273162842,-13.183592796325684
0.4248046875,-0.0833740234375,0.1773681640625,-7.507323741912842,-0.30517578125,-8.23974609375
0.4498291015625,-0.0401611328125,0.4029541015625,15.624999046325684,-0.2441406100988388,-0.6103515625
0.6153564453125,-0.0394287109375,0.47216796875,-24.047849655151367,-1.8310545682907104,-3.112792730331421
0.807861328125,-0.0740966796875,0.5618896484375,-16.17431640625,-5.187987804412842,2.25830078125
0.8603515625,-0.0511474609375,0.6893310546875,-0.9155272841453552,-1.6479490995407104,1.2817381620407104
0.8790283203125,-0.0738525390625,0.6990966796875,-7.080077648162842,0.9155272841453552,-1.5258787870407104
0.8231201171875,-0.1019287109375,0.6280517578125,-7.629394054412842,0.9765624403953552,2.50244140625
0.772705078125,-0.105712890625,0.60205078125,2.0751953125,4.2724609375,7.568358898162842
0.75146484375,-0.092041015625,0.6024169921875,-13.854979515075684,4.82177734375,4.08935546875
0.7891845703125,-0.138427734375,0.5526123046875,-11.840819358825684,3.540038824081421,0.4272460639476776
0.783447265625,-0.1280517578125,0.5677490234375,7.629394054412842,3.479003667831421,1.4038084745407104
0.7530517578125,-0.0888671875,0.5606689453125,3.662109136581421,2.624511480331421,0.4272460639476776
0.7110595703125,-0.10546875,0.5491943359375,-5.310058116912842,2.0751953125,-2.685546636581421
0.708984375,-0.0980224609375,0.5318603515625,-1.0986328125,2.929687261581421,-3.845214605331421
0.7706298828125,-0.0948486328125,0.5606689453125,-4.21142578125,1.5869139432907104,-3.723144292831421
0.8765869140625,-0.1500244140625,0.64453125,-6.042479991912842,1.2817381620407104,-14.038084983825684
0.810546875,-0.1353759765625,0.6771240234375,10.314940452575684,4.0283203125,-12.939452171325684
0.8909912109375,-0.0499267578125,0.5816650390625,2.624511480331421,-2.13623046875,0.0610351525247097
0.8187255859375,-0.123046875,0.619384765625,-3.234863042831421,-4.94384765625,3.356933355331421
0.791015625,-0.1337890625,0.6265869140625,6.896972179412842,-2.990722417831421,3.479003667831421
0.7762451171875,-0.1124267578125,0.5711669921875,9.3994140625,-2.25830078125,4.0283203125
0.7552490234375,-0.1275634765625,0.5804443359375,5.310058116912842,-5.065917491912842,4.7607421875
0.7535400390625,-0.135498046875,0.638916015625,3.295898199081421,-3.906249761581421,3.479003667831421
0.76220703125,-0.1201171875,0.634765625,2.0751953125,-2.01416015625,2.868652105331421
0.7738037109375,-0.0963134765625,0.6146240234375,0.30517578125,-2.929687261581421,2.746581792831421
0.761962890625,-0.113037109375,0.6378173828125,0.9765624403953552,-3.234863042831421,2.38037109375
0.784423828125,-0.1112060546875,0.6383056640625,-0.4272460639476776,-1.6479490995407104,1.9531248807907104
0.7647705078125,-0.1259765625,0.6341552734375,-2.807616949081421,0.30517578125,2.13623046875
0.7542724609375,-0.121826171875,0.6119384765625,0.3662109076976776,1.3427733182907104,3.479003667831421
0.7601318359375,-0.1136474609375,0.6068115234375,-2.746581792831421,0.4272460639476776,3.051757574081421
0.7613525390625,-0.0963134765625,0.627197265625,-2.01416015625,1.15966796875,2.25830078125
0.77978515625,-0.0987548828125,0.602783203125,-3.295898199081421,0.9155272841453552,1.220703125
0.774658203125,-0.1009521484375,0.6246337890625,-0.6103515625,1.0986328125,0.9765624403953552
0.778076171875,-0.1002197265625,0.6158447265625,-3.845214605331421,1.2817381620407104,0.54931640625
0.78125,-0.093017578125,0.6102294921875,-1.7089842557907104,0.9765624403953552,1.03759765625
0.7747802734375,-0.0877685546875,0.6170654296875,-2.44140625,1.4038084745407104,0.54931640625
0.777099609375,-0.0911865234375,0.5977783203125,-0.6713866591453552,0.4882812201976776,0.4882812201976776
0.7733154296875,-0.098388671875,0.61328125,0.1831054538488388,0.1831054538488388,0.4882812201976776
0.7784423828125,-0.0887451171875,0.6085205078125,0.8544921278953552,0.1220703050494194,0.1831054538488388
0.7744140625,-0.093994140625,0.6143798828125,0.0610351525247097,-0.2441406100988388,-0.4272460639476776
0.7735595703125,-0.10400390625,0.6209716796875,0.7324218153953552,0.30517578125,-0.30517578125
0.7752685546875,-0.102294921875,0.618408203125,0.6103515625,0.1220703050494194,-0.54931640625
0.776123046875,-0.106201171875,0.6129150390625,0.1831054538488388,-0.9155272841453552,-0.54931640625
0.77392578125,-0.0989990234375,0.625732421875,-2.01416015625,-0.6713866591453552,-0.4882812201976776
0.777587890625,-0.09033203125,0.6065673828125,-1.6479490995407104,0.4882812201976776,-0.6713866591453552
0.7763671875,-0.09228515625,0.6107177734375,-1.6479490995407104,0.7934569716453552,-1.15966796875
0.774169921875,-0.098876953125,0.6121826171875,0.0,0.6713866591453552,-1.7089842557907104
0.781494140625,-0.1031494140625,0.6033935546875,-0.6713866591453552,0.1220703050494194,-1.220703125
0.78125,-0.1033935546875,0.6239013671875,0.8544921278953552,0.4272460639476776,-0.54931640625
0.7818603515625,-0.0994873046875,0.615966796875,-0.4882812201976776,1.4038084745407104,-0.1831054538488388
0.7781982421875,-0.092529296875,0.609375,-0.4272460639476776,0.9765624403953552,0.2441406100988388
0.77685546875,-0.0904541015625,0.6044921875,1.0986328125,0.7324218153953552,-0.0610351525247097
0.7850341796875,-0.0927734375,0.6080322265625,1.03759765625,0.0610351525247097,-0.1220703050494194
0.783935546875,-0.096435546875,0.61572265625,0.9765624403953552,0.1220703050494194,0.2441406100988388
0.7838134765625,-0.0928955078125,0.606201171875,1.3427733182907104,-0.3662109076976776,0.7934569716453552
0.7794189453125,-0.095703125,0.60888671875,1.7700194120407104,-1.4038084745407104,0.2441406100988388
0.7813720703125,-0.0946044921875,0.6153564453125,1.5258787870407104,-1.9531248807907104,0.1831054538488388
0.7801513671875,-0.0972900390625,0.616455078125,1.2817381620407104,-1.9531248807907104,0.0610351525247097
0.780517578125,-0.1043701171875,0.6151123046875,1.5258787870407104,-1.5258787870407104,0.3662109076976776
0.7774658203125,-0.103759765625,0.6187744140625,1.4648436307907104,-1.15966796875,0.8544921278953552
0.7763671875,-0.10107421875,0.6207275390625,0.54931640625,-0.9765624403953552,1.15966796875
0.7701416015625,-0.0927734375,0.621826171875,0.0,-0.7324218153953552,1.8920897245407104
0.7760009765625,-0.0889892578125,0.623046875,-0.6713866591453552,-0.9155272841453552,1.5258787870407104
0.775634765625,-0.0841064453125,0.61572265625,0.6713866591453552,-0.9155272841453552,-0.2441406100988388
0.774169921875,-0.0928955078125,0.618896484375,-0.54931640625,-2.01416015625,-0.3662109076976776
0.77001953125,-0.10400390625,0.61572265625,-0.4882812201976776,-1.7089842557907104,-0.30517578125
0.7664794921875,-0.0985107421875,0.6138916015625,-0.1220703050494194,-1.3427733182907104,0.0
0.7655029296875,-0.095458984375,0.6168212890625,-0.0610351525247097,-0.9155272841453552,-0.4882812201976776
0.76904296875,-0.0908203125,0.6241455078125,0.7324218153953552,-0.8544921278953552,-0.1831054538488388
0.7728271484375,-0.0947265625,0.62451171875,-0.6713866591453552,-1.4648436307907104,-0.1831054538488388
0.77099609375,-0.0894775390625,0.628173828125,0.6713866591453552,-0.9765624403953552,-0.2441406100988388
0.771484375,-0.096923828125,0.6219482421875,-0.7324218153953552,-0.54931640625,-0.3662109076976776
0.769287109375,-0.0955810546875,0.62548828125,0.3662109076976776,0.0610351525247097,-0.1831054538488388
0.771484375,-0.0948486328125,0.620361328125,-0.4272460639476776,-0.3662109076976776,0.0
0.7672119140625,-0.093505859375,0.6282958984375,-0.1220703050494194,-0.0610351525247097,0.1831054538488388
0.7684326171875,-0.0897216796875,0.6229248046875,-0.7324218153953552,-0.30517578125,-0.1220703050494194
0.7646484375,-0.085693359375,0.6268310546875,-0.1831054538488388,-1.0986328125,-0.4882812201976776
0.7664794921875,-0.0897216796875,0.628173828125,-0.8544921278953552,-1.4648436307907104,-0.2441406100988388
0.7655029296875,-0.083251953125,0.622314453125,-0.4882812201976776,-0.8544921278953552,-0.30517578125
0.7705078125,-0.0880126953125,0.62060546875,-0.3662109076976776,-0.4272460639476776,-0.7934569716453552
0.7611083984375,-0.0894775390625,0.62548828125,1.15966796875,0.1220703050494194,-1.15966796875
1.0672607421875,-0.32666015625,1.1279296875,-8.11767578125,-3.906249761581421,-16.17431640625
1.266845703125,-0.2415771484375,0.98779296875,18.310546875,-3.540038824081421,-9.94873046875
1.19384765625,-0.28515625,1.2344970703125,-14.587401390075684,-3.906249761581421,-14.831542015075684
1.3021240234375,-0.233642578125,1.102783203125,13.793944358825684,0.6103515625,-3.723144292831421
1.2374267578125,-0.2728271484375,1.1851806640625,-0.2441406100988388,-5.920409679412842,-2.868652105331421
1.25927734375,-0.272216796875,1.218017578125,-1.7700194120407104,-4.82177734375,1.8310545682907104
1.2049560546875,-0.2227783203125,1.165771484375,-8.85009765625,-2.50244140625,11.291502952575684
1.1329345703125,-0.2259521484375,1.106201171875,-22.460935592651367,1.5258787870407104,15.747069358825684
1.056640625,-0.2491455078125,0.9705810546875,-14.221190452575684,3.662109136581421,17.39501953125
0.938720703125,-0.21923828125,0.896728515625,-13.427733421325684,2.746581792831421,17.39501953125
0.884521484375,-0.1873779296875,0.7833251953125,-19.4091796875,1.6479490995407104,12.878417015075684
0.8236083984375,-0.1259765625,0.7181396484375,0.9155272841453552,-1.7700194120407104,15.991209983825684
0.6572265625,-0.123291015625,0.695068359375,-9.70458984375,-0.6713866591453552,6.835937023162842
0.7156982421875,-0.1016845703125,0.5059814453125,21.789548873901367,0.9155272841453552,1.220703125
0.5372314453125,-0.0164794921875,0.64453125,25.207517623901367,3.234863042831421,-0.6713866591453552
0.4735107421875,-0.0911865234375,0.3768310546875,4.0283203125,3.540038824081421,-10.437010765075684
0.460205078125,-0.0762939453125,0.279541015625,52.124019622802734,2.990722417831421,-7.934569835662842
0.350830078125,0.048095703125,0.444091796875,16.54052734375,9.3994140625,-15.380858421325684
0.4566650390625,-0.113525390625,0.198486328125,-3.784179449081421,5.737304210662842,-13.732909202575684
0.33837890625,-0.0460205078125,0.307373046875,44.860836029052734,8.60595703125,-1.3427733182907104
0.3197021484375,-0.03076171875,0.2857666015625,20.141599655151367,10.803221702575684,-0.7324218153953552
0.445556640625,-0.08251953125,0.1944580078125,4.57763671875,-0.6103515625,4.08935546875
0.4482421875,-0.0577392578125,0.4149169921875,16.90673828125,-0.4272460639476776,6.286620616912842
0.6441650390625,-0.095458984375,0.400390625,1.4648436307907104,-6.347655773162842,5.371093273162842
0.7237548828125,-0.08154296875,0.568603515625,17.88330078125,-12.084959983825684,4.39453125
0.7786865234375,-0.0660400390625,0.7164306640625,5.065917491912842,-8.7890625,-1.6479490995407104
0.912841796875,-0.1195068359375,0.7103271484375,8.85009765625,-6.652831554412842,0.4272460639476776
0.8077392578125,-0.119140625,0.7664794921875,13.366698265075684,-1.4648436307907104,0.0
0.8173828125,-0.1109619140625,0.68408203125,-2.3193359375,-2.197265625,2.44140625
0.7298583984375,-0.1473388671875,0.6380615234375,-2.807616949081421,-2.50244140625,3.417968511581421
0.7158203125,-0.148193359375,0.6263427734375,-4.69970703125,-2.01416015625,3.906249761581421
0.71826171875,-0.1551513671875,0.641357421875,-10.070799827575684,-0.1831054538488388,4.39453125
0.7366943359375,-0.1571044921875,0.626708984375,-4.2724609375,1.9531248807907104,2.44140625
0.73291015625,-0.1431884765625,0.6435546875,-3.112792730331421,1.8310545682907104,0.2441406100988388
0.7412109375,-0.14453125,0.6427001953125,-3.417968511581421,0.30517578125,-0.7324218153953552
0.7470703125,-0.117919921875,0.6453857421875,0.2441406100988388,-0.6103515625,-1.15966796875
0.744140625,-0.1236572265625,0.6580810546875,-2.50244140625,-0.6713866591453552,-1.0986328125
0.74853515625,-0.1484375,0.6556396484375,-3.784179449081421,0.7934569716453552,-1.4038084745407104
0.7486572265625,-0.1546630859375,0.635498046875,-2.50244140625,2.3193359375,-0.7324218153953552
0.7484130859375,-0.166015625,0.6348876953125,-2.3193359375,0.54931640625,0.9155272841453552
0.742431640625,-0.1654052734375,0.6505126953125,-1.5869139432907104,-0.1220703050494194,1.4648436307907104
0.7550048828125,-0.149658203125,0.6400146484375,-3.723144292831421,-0.2441406100988388,1.3427733182907104
0.734619140625,-0.148681640625,0.637939453125,-3.234863042831421,0.3662109076976776,1.220703125
0.741455078125,-0.1390380859375,0.6201171875,-1.15966796875,0.9765624403953552,0.30517578125
0.73974609375,-0.1326904296875,0.6287841796875,-2.01416015625,0.8544921278953552,-1.220703125
0.7398681640625,-0.13671875,0.63232421875,-0.3662109076976776,1.4038084745407104,-1.7700194120407104
0.753662109375,-0.126953125,0.625,1.15966796875,1.7089842557907104,-2.929687261581421
0.755859375,-0.13525390625,0.629150390625,2.746581792831421,0.7324218153953552,-3.234863042831421
0.754150390625,-0.146484375,0.6348876953125,1.4038084745407104,-0.2441406100988388,-2.50244140625
0.755615234375,-0.1466064453125,0.6495361328125,1.0986328125,-0.9155272841453552,-1.4648436307907104
0.761962890625,-0.1416015625,0.6446533203125,0.8544921278953552,0.2441406100988388,-1.15966796875
0.754150390625,-0.142333984375,0.6387939453125,1.6479490995407104,0.0,-1.4038084745407104
0.753662109375,-0.140625,0.65380859375,1.2817381620407104,-0.0610351525247097,-0.8544921278953552
0.7535400390625,-0.1505126953125,0.64306640625,-2.44140625,-0.54931640625,0.0610351525247097
0.749755859375,-0.14892578125,0.645263671875,-0.0610351525247097,0.7934569716453552,-0.1831054538488388
0.7413330078125,-0.136474609375,0.6328125,-0.9765624403953552,1.3427733182907104,-0.4882812201976776
0.744384765625,-0.138671875,0.6298828125,-1.4648436307907104,0.3662109076976776,-0.7324218153953552
0.7498779296875,-0.143310546875,0.640625,0.1220703050494194,0.6103515625,-1.7089842557907104
0.7523193359375,-0.1424560546875,0.6312255859375,-0.30517578125,0.4882812201976776,-2.0751953125
0.758056640625,-0.143798828125,0.6302490234375,0.2441406100988388,-0.3662109076976776,-1.2817381620407104
0.7569580078125,-0.146728515625,0.6474609375,-0.3662109076976776,0.4272460639476776,-0.6103515625
0.7581787109375,-0.14794921875,0.632080078125,-0.7934569716453552,1.03759765625,-0.1220703050494194
0.753173828125,-0.1527099609375,0.63037109375,0.9765624403953552,1.3427733182907104,0.4272460639476776
0.7552490234375,-0.140869140625,0.6279296875,0.8544921278953552,0.4272460639476776,0.6103515625
0.7550048828125,-0.1395263671875,0.63525390625,0.9155272841453552,-0.7324218153953552,0.2441406100988388
0.7467041015625,-0.1473388671875,0.639892578125,1.15966796875,-0.7324218153953552,-0.30517578125
0.749267578125,-0.1505126953125,0.63623046875,0.2441406100988388,-0.8544921278953552,-0.8544921278953552
0.7548828125,-0.1451416015625,0.6341552734375,0.7934569716453552,-0.54931640625,-1.0986328125
0.752197265625,-0.1539306640625,0.631103515625,0.7934569716453552,-0.54931640625,-1.03759765625
0.7510986328125,-0.149658203125,0.6368408203125,2.197265625,-0.6103515625,-0.6713866591453552
0.75537109375,-0.1470947265625,0.6376953125,0.8544921278953552,-1.15966796875,-0.30517578125
0.7559814453125,-0.146728515625,0.64599609375,0.4882812201976776,-1.0986328125,0.0610351525247097
0.747314453125,-0.15087890625,0.6456298828125,-0.2441406100988388,-0.7934569716453552,1.0986328125
0.7520751953125,-0.14306640625,0.6361083984375,-0.7324218153953552,-0.4272460639476776,1.5869139432907104
0.7474365234375,-0.138427734375,0.64306640625,0.54931640625,-0.3662109076976776,0.7934569716453552
0.7451171875,-0.149169921875,0.6351318359375,-0.6103515625,-0.7324218153953552,-0.3662109076976776
0.7449951171875,-0.15478515625,0.6358642578125,-0.3662109076976776,-1.3427733182907104,-0.2441406100988388
0.7449951171875,-0.14501953125,0.64013671875,0.0610351525247097,-0.8544921278953552,-0.3662109076976776
0.74462890625,-0.1484375,0.6424560546875,-1.0986328125,-1.0986328125,0.0
0.744140625,-0.14892578125,0.64013671875,0.4882812201976776,-0.54931640625,0.30517578125
0.7470703125,-0.1400146484375,0.636474609375,-0.4882812201976776,-0.9765624403953552,0.6103515625
0.751708984375,-0.1357421875,0.64453125,-0.0610351525247097,-1.03759765625,0.6103515625
0.7462158203125,-0.1357421875,0.6429443359375,-0.2441406100988388,-0.6103515625,0.30517578125
0.7471923828125,-0.137451171875,0.6358642578125,0.0,-0.0610351525247097,-0.0610351525247097
0.7479248046875,-0.1358642578125,0.640380859375,0.3662109076976776,-0.1220703050494194,-0.3662109076976776
0.7445068359375,-0.1422119140625,0.642333984375,-0.1831054538488388,-0.4882812201976776,0.1220703050494194
0.7469482421875,-0.1458740234375,0.64208984375,-0.1831054538488388,-0.3662109076976776,0.6713866591453552
0.74462890625,-0.1412353515625,0.6475830078125,0.1220703050494194,-0.0610351525247097,0.7934569716453552
0.74853515625,-0.1270751953125,0.6434326171875,0.1220703050494194,0.1220703050494194,0.4272460639476776
0.7406005859375,-0.1358642578125,0.6468505859375,-1.0986328125,-0.4882812201976776,0.3662109076976776
0.742431640625,-0.128173828125,0.637451171875,0.0,0.30517578125,0.0
0.74658203125,-0.134033203125,0.6405029296875,-0.4272460639476776,0.30517578125,-0.8544921278953552
0.7388916015625,-0.1326904296875,0.641357421875,0.1220703050494194,0.4272460639476776,-1.2817381620407104
0.7471923828125,-0.1395263671875,0.6341552734375,-0.4272460639476776,-0.54931640625,-1.0986328125
0.7503662109375,-0.1417236328125,0.6441650390625,0.1831054538488388,0.30517578125,-1.15966796875
0.7496337890625,-0.1402587890625,0.64404296875,-0.1220703050494194,0.4882812201976776,-0.4882812201976776
0.7484130859375,-0.13720703125,0.6484375,-0.9155272841453552,0.54931640625,0.0610351525247097
0.74853515625,-0.134765625,0.6392822265625,-0.6103515625,0.4272460639476776,0.1831054538488388
0.7486572265625,-0.12841796875,0.640869140625,-0.2441406100988388,0.1831054538488388,-0.1831054538488388
0.74609375,-0.1322021484375,0.6383056640625,-0.1831054538488388,-0.1831054538488388,-0.54931640625
1.2059326171875,-0.2509765625,1.1295166015625,-12.268065452575684,4.08935546875,-11.535643577575684
1.2025146484375,-0.26953125,1.1041259765625,10.070799827575684,4.69970703125,-4.57763671875
1.267822265625,-0.228515625,1.1400146484375,5.0048828125,1.3427733182907104,-7.263183116912842
1.2354736328125,-0.2451171875,1.16796875,14.709471702575684,0.3662109076976776,-6.774901866912842
1.240966796875,-0.2496337890625,1.1583251953125,-2.01416015625,-1.15966796875,-1.2817381620407104
1.2301025390625,-0.2806396484375,1.07373046875,4.33349609375,-3.356933355331421,8.7890625
1.1114501953125,-0.271240234375,1.060546875,2.13623046875,-6.530761241912842,15.747069358825684
1.0472412109375,-0.26123046875,1.02001953125,-4.7607421875,-7.690429210662842,19.47021484375
0.928955078125,-0.2506103515625,0.9351806640625,-5.554198741912842,-6.530761241912842,13.671874046325684
0.90234375,-0.198974609375,0.8245849609375,0.0,-10.742186546325684,9.3994140625
0.7259521484375,-0.2222900390625,0.82861328125,15.258788108825684,-7.568358898162842,1.0986328125
0.6942138671875,-0.2071533203125,0.524169921875,35.70556640625,-9.46044921875,-13.916014671325684
0.5460205078125,-0.14404296875,0.6602783203125,41.137691497802734,-9.27734375,-21.728513717651367
0.5057373046875,-0.0921630859375,0.5260009765625,27.648923873901367,5.981444835662842,-34.423828125
0.4862060546875,-0.1365966796875,0.3011474609375,25.939939498901367,4.2724609375,-29.113767623901367
0.3145751953125,-0.0712890625,0.28759765625,33.50830078125,2.685546636581421,-20.629880905151367
0.3076171875,0.0194091796875,0.24072265625,23.071287155151367,9.521484375,-11.840819358825684
0.3099365234375,0.05029296875,0.2047119140625,-16.357421875,11.474608421325684,-5.981444835662842
0.3192138671875,-0.062744140625,0.1912841796875,-11.474608421325684,12.695311546325684,1.6479490995407104
0.4105224609375,-0.0574951171875,0.3206787109375,-1.7089842557907104,12.023924827575684,15.441893577575684
0.5445556640625,-0.09521484375,0.43359375,-23.193357467651367,7.141112804412842,19.47021484375
0.680908203125,-0.1453857421875,0.505126953125,-17.76123046875,-4.7607421875,14.160155296325684
0.72119140625,-0.0780029296875,0.716552734375,13.488768577575684,-4.8828125,6.225585460662842
0.7891845703125,-0.1234130859375,0.659912109375,-10.437010765075684,-9.1552734375,-2.868652105331421
0.7550048828125,-0.146240234375,0.62451171875,9.58251953125,-6.713866710662842,1.4038084745407104
0.69384765625,-0.16064453125,0.6729736328125,-4.69970703125,-1.0986328125,2.3193359375
0.7196044921875,-0.2095947265625,0.6346435546875,-13.061522483825684,2.929687261581421,0.6713866591453552
0.733642578125,-0.180908203125,0.6474609375,-2.01416015625,5.615233898162842,2.3193359375
0.72705078125,-0.16162109375,0.659423828125,-0.9155272841453552,6.347655773162842,3.051757574081421
0.739013671875,-0.163818359375,0.66748046875,-11.230467796325684,3.662109136581421,4.08935546875
0.7442626953125,-0.1619873046875,0.6378173828125,-8.85009765625,3.112792730331421,3.173827886581421
0.732666015625,-0.150146484375,0.633056640625,-4.150390625,2.685546636581421,1.0986328125
0.73388671875,-0.158935546875,0.6539306640625,-6.896972179412842,1.7089842557907104,-0.6103515625
0.72705078125,-0.1849365234375,0.661865234375,-6.347655773162842,4.82177734375,-2.197265625
0.739013671875,-0.194091796875,0.6173095703125,-2.563476324081421,6.164550304412842,-5.371093273162842
0.7281494140625,-0.1905517578125,0.62890625,0.30517578125,4.2724609375,-7.568358898162842
0.7247314453125,-0.18505859375,0.6328125,-3.051757574081421,3.356933355331421,-10.314940452575684
0.7200927734375,-0.173095703125,0.596923828125,-1.0986328125,0.7934569716453552,-12.512206077575684
0.6859130859375,-0.1646728515625,0.605224609375,-1.6479490995407104,-1.7700194120407104,-12.817381858825684
0.6910400390625,-0.162109375,0.5894775390625,-7.629394054412842,-3.540038824081421,-8.1787109375
0.73193359375,-0.1806640625,0.5968017578125,-6.347655773162842,-4.69970703125,-2.807616949081421
0.813232421875,-0.317626953125,0.7611083984375,-8.48388671875,-3.417968511581421,-13.061522483825684
0.7825927734375,-0.1578369140625,0.6046142578125,21.484373092651367,5.249022960662842,-17.76123046875
0.8409423828125,-0.1016845703125,0.59521484375,6.286620616912842,-8.30078125,-1.4038084745407104
0.7587890625,-0.21826171875,0.687744140625,-7.263183116912842,-7.812499523162842,3.845214605331421
0.765625,-0.2164306640625,0.6397705078125,6.042479991912842,-2.197265625,2.44140625
0.7244873046875,-0.164306640625,0.61572265625,5.676269054412842,0.1831054538488388,2.563476324081421
0.7381591796875,-0.1748046875,0.5909423828125,3.234863042831421,-1.7089842557907104,3.234863042831421
0.7255859375,-0.1761474609375,0.6688232421875,8.23974609375,0.1831054538488388,5.065917491912842
0.7354736328125,-0.1845703125,0.64111328125,2.807616949081421,1.7700194120407104,4.33349609375
0.73193359375,-0.1995849609375,0.6494140625,5.0048828125,1.7089842557907104,4.82177734375
0.7274169921875,-0.1900634765625,0.6678466796875,5.371093273162842,2.746581792831421,5.249022960662842
0.725341796875,-0.18798828125,0.66259765625,0.9155272841453552,2.685546636581421,5.615233898162842
0.7281494140625,-0.1875,0.663818359375,-0.6713866591453552,2.197265625,4.69970703125
0.7281494140625,-0.1810302734375,0.6533203125,0.9155272841453552,2.929687261581421,1.9531248807907104
0.728271484375,-0.1826171875,0.6328125,-1.7700194120407104,0.30517578125,-0.2441406100988388
0.731201171875,-0.1939697265625,0.6396484375,-0.4272460639476776,-1.3427733182907104,-1.7089842557907104
0.7296142578125,-0.1998291015625,0.6591796875,-1.4038084745407104,-0.4272460639476776,-2.01416015625
0.741455078125,-0.1920166015625,0.6524658203125,-3.112792730331421,0.6103515625,-1.6479490995407104
0.74169921875,-0.185791015625,0.641357421875,-1.6479490995407104,1.7089842557907104,-0.7934569716453552
0.7408447265625,-0.1881103515625,0.6357421875,-4.150390625,1.4038084745407104,-0.4272460639476776
0.7457275390625,-0.1851806640625,0.634765625,-3.723144292831421,0.7934569716453552,-0.0610351525247097
0.7437744140625,-0.1790771484375,0.63427734375,-2.929687261581421,0.8544921278953552,-0.4882812201976776
0.74951171875,-0.17333984375,0.62841796875,-2.563476324081421,0.8544921278953552,-1.4648436307907104
0.743896484375,-0.169921875,0.6343994140625,-1.8920897245407104,1.15966796875,-2.25830078125
0.7431640625,-0.187744140625,0.6363525390625,-2.01416015625,0.9765624403953552,-2.685546636581421
0.7440185546875,-0.18798828125,0.6409912109375,-1.2817381620407104,1.0986328125,-2.01416015625
0.7508544921875,-0.1839599609375,0.639892578125,-3.051757574081421,0.2441406100988388,-1.4038084745407104
0.7464599609375,-0.17822265625,0.6392822265625,-0.7324218153953552,0.1220703050494194,-1.220703125
0.7423095703125,-0.1759033203125,0.633544921875,-2.0751953125,-0.54931640625,-0.1831054538488388
0.752685546875,-0.1756591796875,0.6370849609375,-2.685546636581421,-0.4272460639476776,-0.1220703050494194
0.7423095703125,-0.1761474609375,0.6337890625,-1.9531248807907104,-0.4272460639476776,-0.54931640625
0.7437744140625,-0.1800537109375,0.6241455078125,-1.4038084745407104,-0.9155272841453552,-1.2817381620407104
0.740234375,-0.185546875,0.6390380859375,-0.3662109076976776,-0.9155272841453552,-0.54931640625
0.7457275390625,-0.177001953125,0.6353759765625,-0.9155272841453552,-0.1831054538488388,-0.0610351525247097
0.7401123046875,-0.172607421875,0.63818359375,0.0,-0.1220703050494194,0.1831054538488388
0.7381591796875,-0.1732177734375,0.63134765625,0.2441406100988388,-0.1831054538488388,-0.0610351525247097
0.743408203125,-0.1719970703125,0.6361083984375,0.6103515625,-0.6103515625,-0.6713866591453552
0.7408447265625,-0.1732177734375,0.6414794921875,0.7324218153953552,-0.6713866591453552,-0.7324218153953552
0.744140625,-0.1793212890625,0.6484375,-0.1220703050494194,-0.54931640625,-0.4882812201976776
0.7420654296875,-0.1810302734375,0.6444091796875,-0.3662109076976776,0.1220703050494194,-0.1831054538488388
0.744873046875,-0.176513671875,0.6424560546875,-1.03759765625,0.6713866591453552,-0.0610351525247097
0.741455078125,-0.1820068359375,0.6405029296875,-0.54931640625,1.0986328125,0.1831054538488388
0.7401123046875,-0.1751708984375,0.638427734375,-1.0986328125,0.6103515625,-0.1220703050494194
0.7337646484375,-0.1710205078125,0.6446533203125,-1.7700194120407104,0.1831054538488388,-0.2441406100988388
0.732421875,-0.1732177734375,0.6395263671875,-1.8310545682907104,0.2441406100988388,-0.8544921278953552
0.738525390625,-0.1661376953125,0.630126953125,-1.9531248807907104,0.30517578125,-1.4648436307907104
0.7381591796875,-0.1732177734375,0.638427734375,-0.30517578125,0.6103515625,-2.563476324081421
0.738037109375,-0.177734375,0.6339111328125,-1.220703125,-0.0610351525247097,-2.13623046875
0.7470703125,-0.1798095703125,0.639892578125,-1.5258787870407104,-0.2441406100988388,-1.4038084745407104
0.74755859375,-0.1751708984375,0.6378173828125,-0.0610351525247097,0.3662109076976776,-1.220703125
0.7469482421875,-0.1724853515625,0.64306640625,-0.9155272841453552,-0.2441406100988388,0.1831054538488388
0.745849609375,-0.1650390625,0.64501953125,-1.2817381620407104,-0.2441406100988388,0.54931640625
0.74755859375,-0.1661376953125,0.63720703125,-1.220703125,-0.3662109076976776,0.6103515625
0.746337890625,-0.164794921875,0.6414794921875,0.2441406100988388,0.0610351525247097,0.3662109076976776
0.740966796875,-0.1688232421875,0.6339111328125,-0.7934569716453552,0.3662109076976776,0.4272460639476776
0.7398681640625,-0.1693115234375,0.6334228515625,0.1220703050494194,0.1220703050494194,0.30517578125
0.739501953125,-0.167724609375,0.636962890625,0.4882812201976776,0.54931640625,-0.3662109076976776
0.7423095703125,-0.1707763671875,0.63720703125,0.9765624403953552,0.9155272841453552,-0.4882812201976776
0.7410888671875,-0.1702880859375,0.64501953125,0.7934569716453552,0.8544921278953552,-0.4882812201976776
1.222412109375,-0.1925048828125,1.153076171875,19.22607421875,-9.1552734375,-9.82666015625
1.2171630859375,-0.2071533203125,1.134033203125,4.57763671875,-6.652831554412842,-11.779784202575684
1.168701171875,-0.2015380859375,1.0557861328125,13.244627952575684,-11.169432640075684,-2.13623046875
1.092529296875,-0.18896484375,1.0892333984375,2.13623046875,-7.141112804412842,2.746581792831421
1.0521240234375,-0.23486328125,0.9923095703125,-2.624511480331421,-3.417968511581421,1.5869139432907104
1.01416015625,-0.2164306640625,1.009521484375,4.08935546875,2.929687261581421,0.6713866591453552
0.969482421875,-0.21875,0.962646484375,-6.164550304412842,8.97216796875,2.929687261581421
0.9400634765625,-0.2056884765625,0.80859375,-4.7607421875,3.784179449081421,7.812499523162842
0.86083984375,-0.14794921875,0.8037109375,-2.25830078125,-1.3427733182907104,5.615233898162842
0.7994384765625,-0.13916015625,0.7862548828125,-10.314940452575684,2.01416015625,-0.1220703050494194
0.7823486328125,-0.1943359375,0.5872802734375,7.324218273162842,-0.8544921278953552,-0.7324218153953552
0.71923828125,-0.072265625,0.7659912109375,13.916014671325684,1.7700194120407104,0.3662109076976776
0.678466796875,-0.1510009765625,0.6060791015625,-12.268065452575684,0.9765624403953552,-5.676269054412842
0.678955078125,-0.1717529296875,0.513427734375,35.70556640625,-3.784179449081421,-0.1831054538488388
0.5374755859375,-0.0693359375,0.68017578125,1.15966796875,3.417968511581421,-1.9531248807907104
0.5394287109375,-0.177490234375,0.2987060546875,0.6713866591453552,-2.50244140625,-0.8544921278953552
0.4619140625,-0.10595703125,0.4068603515625,22.155759811401367,-4.33349609375,4.94384765625
0.3936767578125,-0.030517578125,0.4671630859375,-10.314940452575684,3.234863042831421,-1.5258787870407104
0.4427490234375,-0.1112060546875,0.2425537109375,-2.868652105331421,0.54931640625,-2.0751953125
0.396484375,-0.00146484375,0.44140625,12.573241233825684,5.310058116912842,3.784179449081421
0.4891357421875,-0.029052734375,0.38427734375,-19.71435546875,8.7890625,-0.0610351525247097
0.546875,-0.0931396484375,0.3756103515625,-0.7324218153953552,5.432128429412842,5.615233898162842
0.5634765625,-0.0345458984375,0.5625,-9.1552734375,8.36181640625,8.60595703125
0.6982421875,-0.050537109375,0.4903564453125,-18.4326171875,7.202147960662842,9.94873046875
0.7315673828125,-0.024169921875,0.528564453125,-2.929687261581421,3.173827886581421,14.099120140075684
0.728515625,0.0042724609375,0.6201171875,-4.21142578125,2.746581792831421,11.352538108825684
0.7691650390625,-0.01904296875,0.5859375,1.7700194120407104,2.868652105331421,10.314940452575684
0.767578125,-0.01611328125,0.632080078125,0.4272460639476776,4.21142578125,5.432128429412842
0.7779541015625,-0.0357666015625,0.6414794921875,9.21630859375,4.5166015625,-2.50244140625
0.7889404296875,-0.038818359375,0.6392822265625,10.498045921325684,2.01416015625,-4.08935546875
0.7880859375,-0.0595703125,0.6292724609375,3.295898199081421,-0.4882812201976776,-1.9531248807907104
0.7799072265625,-0.0718994140625,0.6295166015625,3.540038824081421,0.7324218153953552,-1.7700194120407104
0.7894287109375,-0.0880126953125,0.6268310546875,-1.7700194120407104,0.54931640625,-0.0610351525247097
0.77197265625,-0.09228515625,0.63330078125,-4.39453125,0.6103515625,1.4038084745407104
0.7735595703125,-0.0826416015625,0.6038818359375,-3.723144292831421,0.30517578125,1.15966796875
0.76806640625,-0.0723876953125,0.603759765625,1.220703125,-0.2441406100988388,-0.4272460639476776
0.7532958984375,-0.0902099609375,0.6226806640625,0.4272460639476776,0.4272460639476776,-1.8920897245407104
0.7586669921875,-0.105224609375,0.60888671875,4.21142578125,1.4648436307907104,-2.38037109375
0.76708984375,-0.106201171875,0.6141357421875,5.920409679412842,1.2817381620407104,-2.624511480331421
0.774169921875,-0.1068115234375,0.6265869140625,1.7700194120407104,-0.9765624403953552,-2.3193359375
0.76416015625,-0.1063232421875,0.6162109375,0.0610351525247097,-2.746581792831421,-1.7700194120407104
0.7640380859375,-0.1009521484375,0.597900390625,6.103515148162842,-3.295898199081421,-1.6479490995407104
0.7630615234375,-0.0775146484375,0.63720703125,2.563476324081421,-4.57763671875,-1.03759765625
0.767578125,-0.0836181640625,0.6356201171875,3.051757574081421,-2.563476324081421,-2.624511480331421
0.7711181640625,-0.091064453125,0.6258544921875,4.45556640625,-1.0986328125,-4.150390625
0.76318359375,-0.101806640625,0.6416015625,2.929687261581421,-0.1831054538488388,-4.82177734375
0.7630615234375,-0.1009521484375,0.64404296875,5.615233898162842,1.220703125,-4.82177734375
0.754150390625,-0.1143798828125,0.64404296875,3.845214605331421,0.7934569716453552,-4.150390625
0.763427734375,-0.1180419921875,0.6260986328125,1.8310545682907104,-0.2441406100988388,-4.39453125
0.7586669921875,-0.126708984375,0.64306640625,1.3427733182907104,-0.30517578125,-3.540038824081421
0.7662353515625,-0.1256103515625,0.6422119140625,-0.9155272841453552,0.3662109076976776,-2.746581792831421
0.766357421875,-0.1141357421875,0.63427734375,-1.15966796875,-0.30517578125,-2.197265625
0.7603759765625,-0.11572265625,0.6317138671875,-0.2441406100988388,-0.54931640625,-1.8920897245407104
0.7640380859375,-0.11279296875,0.642578125,-1.4648436307907104,-0.9765624403953552,-1.7089842557907104
0.7645263671875,-0.1141357421875,0.6365966796875,-1.0986328125,-0.9765624403953552,-2.44140625
0.765625,-0.12255859375,0.62060546875,-0.54931640625,-1.6479490995407104,-2.563476324081421
0.760986328125,-0.130859375,0.623779296875,1.0986328125,-1.9531248807907104,-1.4648436307907104
0.761962890625,-0.1285400390625,0.6295166015625,0.1831054538488388,-0.8544921278953552,-0.1831054538488388
0.7642822265625,-0.1201171875,0.6424560546875,-0.54931640625,0.7934569716453552,0.9765624403953552
0.761474609375,-0.1175537109375,0.621826171875,0.0610351525247097,1.5869139432907104,1.220703125
0.760986328125,-0.1279296875,0.62841796875,0.8544921278953552,0.30517578125,1.3427733182907104
0.759765625,-0.1195068359375,0.6383056640625,-0.6713866591453552,-0.0610351525247097,1.7089842557907104
0.7720947265625,-0.1177978515625,0.627685546875,-2.13623046875,-1.03759765625,2.197265625
0.7718505859375,-0.1187744140625,0.6412353515625,-0.30517578125,-0.7324218153953552,2.563476324081421
0.7662353515625,-0.1026611328125,0.639404296875,-2.990722417831421,0.1220703050494194,2.929687261581421
0.7696533203125,-0.0880126953125,0.627197265625,-4.08935546875,0.30517578125,2.990722417831421
0.7623291015625,-0.087158203125,0.623046875,-1.7089842557907104,0.2441406100988388,2.13623046875
0.7557373046875,-0.09228515625,0.62060546875,-0.2441406100988388,-0.4272460639476776,0.7324218153953552
0.755859375,-0.092529296875,0.634521484375,-0.6103515625,-1.2817381620407104,0.0610351525247097
0.7518310546875,-0.1011962890625,0.6318359375,-1.2817381620407104,-1.7700194120407104,-0.2441406100988388
0.751220703125,-0.08984375,0.6337890625,0.9765624403953552,-1.5258787870407104,-0.7934569716453552
0.7640380859375,-0.0914306640625,0.6339111328125,-0.3662109076976776,-2.38037109375,-1.7089842557907104
0.7633056640625,-0.0965576171875,0.653564453125,0.9155272841453552,-2.38037109375,-1.8310545682907104
0.763916015625,-0.1087646484375,0.634765625,-1.3427733182907104,-2.929687261581421,-1.220703125
0.7530517578125,-0.1092529296875,0.640380859375,0.0610351525247097,-2.38037109375,-0.54931640625
0.752197265625,-0.1051025390625,0.6365966796875,-0.4272460639476776,-1.7089842557907104,-0.2441406100988388
0.74560546875,-0.101318359375,0.6427001953125,0.4272460639476776,-0.7324218153953552,-0.2441406100988388
0.7462158203125,-0.094482421875,0.630126953125,-0.9155272841453552,-0.6103515625,-0.3662109076976776
0.749755859375,-0.0892333984375,0.630615234375,0.4882812201976776,-1.03759765625,-0.6103515625
0.748779296875,-0.09814453125,0.6439208984375,0.6103515625,-0.9765624403953552,-1.220703125
0.7532958984375,-0.1055908203125,0.644287109375,0.9765624403953552,0.4882812201976776,-1.5258787870407104
0.750732421875,-0.1123046875,0.6414794921875,0.0610351525247097,1.15966796875,-1.4648436307907104
0.752197265625,-0.110107421875,0.635986328125,1.220703125,0.9765624403953552,-1.0986328125
0.7464599609375,-0.1082763671875,0.651123046875,0.54931640625,0.4272460639476776,-0.7934569716453552
0.75390625,-0.1048583984375,0.648193359375,-0.0610351525247097,0.30517578125,-0.4272460639476776
0.7552490234375,-0.0966796875,0.6446533203125,-0.4272460639476776,0.2441406100988388,-0.7934569716453552
0.7503662109375,-0.103759765625,0.640380859375,-0.1220703050494194,-0.1220703050494194,-1.4648436307907104
0.7452392578125,-0.1175537109375,0.6409912109375,-0.3662109076976776,-0.30517578125,-1.5258787870407104
0.7469482421875,-0.108154296875,0.633056640625,-0.30517578125,-0.0610351525247097,-1.3427733182907104
0.754150390625,-0.0994873046875,0.6441650390625,0.0610351525247097,-0.7324218153953552,-2.01416015625
0.75146484375,-0.106201171875,0.646240234375,0.7324218153953552,-1.0986328125,-2.624511480331421
0.752197265625,-0.1136474609375,0.6488037109375,-0.4882812201976776,-1.2817381620407104,-2.624511480331421
0.750732421875,-0.116455078125,0.6435546875,0.2441406100988388,-0.6713866591453552,-2.3193359375
0.7501220703125,-0.1201171875,0.6395263671875,0.0610351525247097,-0.8544921278953552,-1.6479490995407104
0.7486572265625,-0.1163330078125,0.657470703125,-0.3662109076976776,-0.3662109076976776,-0.7934569716453552
0.7540283203125,-0.1036376953125,0.6453857421875,-0.54931640625,-0.1831054538488388,-0.7934569716453552
0.7510986328125,-0.1016845703125,0.64013671875,-0.7934569716453552,-0.6103515625,-1.220703125
0.7493896484375,-0.1087646484375,0.638916015625,0.0,-0.8544921278953552,-1.3427733182907104
0.750244140625,-0.112548828125,0.6417236328125,0.1831054538488388,-0.4882812201976776,-0.7324218153953552
0.7529296875,-0.10546875,0.6441650390625,0.6103515625,0.1831054538488388,-0.30517578125
1.23193359375,-0.211669921875,1.14697265625,10.375975608825684,-7.812499523162842,-12.573241233825684
1.28564453125,-0.208251953125,1.12744140625,16.05224609375,-10.742186546325684,-2.197265625
1.22607421875,-0.2015380859375,1.1644287109375,7.385253429412842,-9.521484375,6.225585460662842
1.16552734375,-0.2308349609375,1.0650634765625,11.291502952575684,-7.751464366912842,10.375975608825684
1.116943359375,-0.200927734375,1.083984375,4.94384765625,-4.7607421875,13.977049827575684
1.03271484375,-0.1907958984375,1.0146484375,4.69970703125,-0.54931640625,18.73779296875
0.95751953125,-0.1724853515625,0.92578125,0.4882812201976776,-0.30517578125,20.01953125
0.8826904296875,-0.1514892578125,0.8580322265625,-0.7324218153953552,-2.0751953125,14.953612327575684
0.83251953125,-0.148681640625,0.8555908203125,17.63916015625,1.3427733182907104,9.27734375
0.71484375,-0.16259765625,0.760986328125,1.7089842557907104,1.2817381620407104,3.723144292831421
0.75634765625,-0.1842041015625,0.544921875,16.29638671875,-3.906249761581421,-2.746581792831421
0.6182861328125,-0.1553955078125,0.679931640625,43.334957122802734,-5.615233898162842,-4.5166015625
0.456298828125,-0.146728515625,0.5340576171875,-0.8544921278953552,-0.2441406100988388,-19.6533203125
0.498291015625,-0.12451171875,0.24462890625,44.006343841552734,-3.662109136581421,-20.935056686401367
0.313720703125,-0.0174560546875,0.466552734375,29.846189498901367,-1.4648436307907104,-16.41845703125
0.3026123046875,-0.044921875,0.218994140625,-0.6103515625,-5.126952648162842,-14.709471702575684
0.30908203125,-0.0819091796875,0.176025390625,40.222164154052734,-8.6669921875,-3.601073980331421
0.2919921875,-0.0159912109375,0.416259765625,8.1787109375,-2.01416015625,0.54931640625
0.428955078125,-0.149169921875,0.30517578125,-26.245115280151367,0.6713866591453552,5.249022960662842
0.4844970703125,-0.11572265625,0.3599853515625,-0.1220703050494194,2.01416015625,18.5546875
0.562255859375,-0.069580078125,0.5625,-4.33349609375,3.967284917831421,13.122557640075684
0.6837158203125,-0.1324462890625,0.6121826171875,-5.249022960662842,3.540038824081421,-1.6479490995407104
0.759521484375,-0.0982666015625,0.6424560546875,20.874021530151367,-3.967284917831421,-2.25830078125
0.772216796875,-0.11181640625,0.6943359375,10.864256858825684,-8.9111328125,-0.7324218153953552
0.7808837890625,-0.1463623046875,0.7022705078125,5.554198741912842,-10.314940452575684,-1.2817381620407104
0.7503662109375,-0.159423828125,0.734375,7.385253429412842,-3.601073980331421,-2.50244140625
0.760986328125,-0.1322021484375,0.7021484375,-4.94384765625,1.4648436307907104,-0.54931640625
0.7200927734375,-0.1466064453125,0.6578369140625,0.3662109076976776,2.746581792831421,0.9765624403953552
0.7076416015625,-0.1507568359375,0.68505859375,-1.4648436307907104,2.807616949081421,1.8310545682907104
0.7166748046875,-0.1697998046875,0.67919921875,-1.6479490995407104,3.479003667831421,1.5258787870407104
0.7109375,-0.1610107421875,0.6644287109375,0.9155272841453552,2.01416015625,1.2817381620407104
0.720947265625,-0.1597900390625,0.6708984375,1.03759765625,0.30517578125,1.8920897245407104
0.719482421875,-0.177001953125,0.6787109375,-0.30517578125,0.2441406100988388,2.50244140625
0.7208251953125,-0.169921875,0.6640625,-0.6713866591453552,0.7324218153953552,1.8920897245407104
0.7193603515625,-0.1612548828125,0.6617431640625,-0.3662109076976776,0.2441406100988388,0.9155272841453552
0.712890625,-0.173095703125,0.66845703125,-2.624511480331421,-1.4038084745407104,0.7324218153953552
0.718505859375,-0.1771240234375,0.6658935546875,-2.13623046875,-0.3662109076976776,0.0610351525247097
0.7144775390625,-0.1697998046875,0.6468505859375,0.0610351525247097,0.4882812201976776,-1.15966796875
0.7105712890625,-0.16650390625,0.6629638671875,0.0,0.1220703050494194,-1.9531248807907104
0.7144775390625,-0.17626953125,0.6697998046875,-0.6103515625,0.30517578125,-2.197265625
0.7261962890625,-0.1741943359375,0.6602783203125,0.6103515625,1.03759765625,-2.3193359375
0.72265625,-0.1776123046875,0.6741943359375,-2.01416015625,0.6713866591453552,-1.7089842557907104
0.7271728515625,-0.1728515625,0.6611328125,-1.15966796875,1.3427733182907104,-1.3427733182907104
0.7315673828125,-0.1661376953125,0.6639404296875,0.6713866591453552,1.3427733182907104,-0.8544921278953552
0.7216796875,-0.1728515625,0.6737060546875,-1.8310545682907104,1.8310545682907104,-0.1831054538488388
0.7198486328125,-0.171142578125,0.658447265625,-0.9155272841453552,2.624511480331421,-0.1831054538488388
0.72216796875,-0.1553955078125,0.6463623046875,0.2441406100988388,1.5258787870407104,-0.7324218153953552
0.7213134765625,-0.164306640625,0.662109375,0.9765624403953552,0.30517578125,-1.4038084745407104
0.721435546875,-0.17333984375,0.6766357421875,-0.7934569716453552,0.9765624403953552,-1.4648436307907104
0.728515625,-0.1622314453125,0.6512451171875,-0.30517578125,1.5258787870407104,-1.4648436307907104
0.7271728515625,-0.160888671875,0.6517333984375,2.44140625,1.2817381620407104,-1.7700194120407104
0.7255859375,-0.177001953125,0.6669921875,0.4272460639476776,0.4882812201976776,-1.8920897245407104
0.7281494140625,-0.1864013671875,0.661376953125,0.1831054538488388,0.3662109076976776,-1.4038084745407104
0.7269287109375,-0.177490234375,0.664794921875,0.0,0.54931640625,-0.9155272841453552
0.7236328125,-0.169921875,0.65283203125,-0.7934569716453552,0.6103515625,-1.2817381620407104
0.72265625,-0.1707763671875,0.6536865234375,0.7934569716453552,0.9155272841453552,-1.5258787870407104
0.7264404296875,-0.1773681640625,0.6568603515625,0.6713866591453552,0.8544921278953552,-1.3427733182907104
0.7265625,-0.177490234375,0.6546630859375,0.6713866591453552,0.8544921278953552,-1.5258787870407104
0.725830078125,-0.1746826171875,0.650634765625,1.3427733182907104,-0.0610351525247097,-1.8920897245407104
0.728515625,-0.17919921875,0.659912109375,1.4648436307907104,-1.4648436307907104,-1.7700194120407104
0.7276611328125,-0.18115234375,0.677001953125,0.0,-1.2817381620407104,-1.220703125
0.7342529296875,-0.1783447265625,0.6683349609375,-0.9765624403953552,-0.7324218153953552,-0.8544921278953552
0.72900390625,-0.1806640625,0.6561279296875,-0.4272460639476776,-0.2441406100988388,-0.30517578125
0.7264404296875,-0.1829833984375,0.6517333984375,0.0610351525247097,-0.8544921278953552,0.4882812201976776
0.7257080078125,-0.1768798828125,0.6683349609375,-0.9155272841453552,-0.4272460639476776,0.9765624403953552
0.717041015625,-0.1708984375,0.6595458984375,-0.7934569716453552,0.1831054538488388,0.8544921278953552
0.728271484375,-0.169921875,0.652587890625,-0.4272460639476776,-0.2441406100988388,0.4882812201976776
0.72119140625,-0.1761474609375,0.6627197265625,0.4882812201976776,-0.4882812201976776,-0.4882812201976776
0.72607421875,-0.180419921875,0.65869140625,-0.8544921278953552,-1.5258787870407104,-0.2441406100988388
0.7215576171875,-0.1800537109375,0.670654296875,-1.4038084745407104,-1.5869139432907104,0.0
0.7210693359375,-0.169189453125,0.6614990234375,-1.03759765625,-1.4038084745407104,-0.7934569716453552
0.718017578125,-0.1787109375,0.6636962890625,-0.1220703050494194,-1.3427733182907104,-0.6713866591453552
0.714599609375,-0.173583984375,0.665771484375,0.30517578125,-1.220703125,-0.2441406100988388
0.7188720703125,-0.171630859375,0.663818359375,-1.220703125,-1.0986328125,-0.8544921278953552
0.7174072265625,-0.17236328125,0.6658935546875,-0.1831054538488388,-0.7934569716453552,-1.2817381620407104
0.7213134765625,-0.1741943359375,0.6666259765625,-0.9155272841453552,-0.6713866591453552,-1.3427733182907104
0.71728515625,-0.1820068359375,0.6690673828125,-0.54931640625,-0.7324218153953552,-0.9765624403953552
0.7191162109375,-0.1768798828125,0.6697998046875,-1.03759765625,-0.7934569716453552,-0.3662109076976776
0.71435546875,-0.1710205078125,0.6727294921875,-1.5869139432907104,-1.0986328125,-0.3662109076976776
0.7159423828125,-0.167724609375,0.6683349609375,-0.6713866591453552,-1.0986328125,-0.6713866591453552
0.7132568359375,-0.1708984375,0.671142578125,-0.1831054538488388,-1.4648436307907104,-0.7324218153953552
0.711181640625,-0.163330078125,0.6678466796875,-0.4272460639476776,-1.5258787870407104,-0.3662109076976776
0.7196044921875,-0.1666259765625,0.671875,-1.2817381620407104,-1.220703125,-0.30517578125
0.7110595703125,-0.1693115234375,0.6727294921875,0.4882812201976776,0.0610351525247097,-0.6713866591453552
0.712158203125,-0.16845703125,0.6534423828125,-0.30517578125,-0.6103515625,-0.6713866591453552
0.71044921875,-0.1802978515625,0.6688232421875,1.4648436307907104,-0.0610351525247097,-0.54931640625
0.7132568359375,-0.1763916015625,0.6785888671875,0.6103515625,1.3427733182907104,0.1831054538488388
0.7125244140625,-0.1702880859375,0.666748046875,-1.4038084745407104,1.2817381620407104,0.4882812201976776
0.7135009765625,-0.1627197265625,0.6654052734375,0.30517578125,0.9765624403953552,-0.7934569716453552
0.7138671875,-0.1693115234375,0.67431640625,0.9155272841453552,0.6103515625,-1.7700194120407104
0.7154541015625,-0.1708984375,0.6685791015625,-0.6713866591453552,0.6103515625,-1.5258787870407104
0.72119140625,-0.169677734375,0.664306640625,0.4272460639476776,0.30517578125,-1.4648436307907104
0.7177734375,-0.172119140625,0.673583984375,0.7324218153953552,0.2441406100988388,-1.4648436307907104
0.7203369140625,-0.176025390625,0.6695556640625,-0.3662109076976776,0.2441406100988388,-0.9765624403953552
0.72119140625,-0.1673583984375,0.6690673828125,0.1831054538488388,-0.4882812201976776,-0.4272460639476776
0.7183837890625,-0.1636962890625,0.6717529296875,-0.54931640625,-0.54931640625,-0.4272460639476776
0.711669921875,-0.1700439453125,0.6729736328125,-0.30517578125,0.0610351525247097,-0.7934569716453552
0.7122802734375,-0.1634521484375,0.6583251953125,0.4882812201976776,0.8544921278953552,-0.9155272841453552
0.7215576171875,-0.1676025390625,0.6590576171875,0.0610351525247097,0.30517578125,-1.7700194120407104
0.718017578125,-0.1763916015625,0.6656494140625,2.746581792831421,0.1831054538488388,-2.01416015625
1.1259765625,-0.30712890625,1.1304931640625,-4.7607421875,-1.5258787870407104,-12.695311546325684
1.1881103515625,-0.3961181640625,1.117431640625,14.099120140075684,-5.615233898162842,-9.033203125
1.193603515625,-0.3642578125,1.254638671875,9.033203125,-5.126952648162842,-3.173827886581421
1.161376953125,-0.3885498046875,1.197265625,-8.30078125,-0.2441406100988388,-0.4272460639476776
1.102294921875,-0.35986328125,1.113037109375,-0.54931640625,6.103515148162842,7.507323741912842
1.053955078125,-0.3233642578125,1.017822265625,-9.765625,6.347655773162842,10.925292015075684
0.99462890625,-0.3287353515625,0.945556640625,-12.756346702575684,4.33349609375,14.160155296325684
0.92919921875,-0.2781982421875,0.89208984375,-9.94873046875,3.112792730331421,15.747069358825684
0.8367919921875,-0.257568359375,0.84423828125,-7.995604991912842,2.0751953125,12.512206077575684
0.7452392578125,-0.26171875,0.7706298828125,6.835937023162842,1.7089842557907104,5.554198741912842
0.673828125,-0.2550048828125,0.6552734375,3.967284917831421,-3.234863042831421,-2.990722417831421
0.5968017578125,-0.247314453125,0.5714111328125,28.442380905151367,-4.39453125,-7.080077648162842
0.51123046875,-0.1358642578125,0.604736328125,7.080077648162842,0.9155272841453552,-12.084959983825684
0.4730224609375,-0.1627197265625,0.3822021484375,5.981444835662842,0.54931640625,-20.874021530151367
0.3292236328125,-0.1204833984375,0.3624267578125,35.46142578125,3.540038824081421,-20.446775436401367
0.3057861328125,-0.0291748046875,0.2645263671875,1.6479490995407104,2.01416015625,-23.620603561401367
0.3670654296875,-0.1318359375,0.160888671875,-1.3427733182907104,-3.356933355331421,-15.563963890075684
0.34814453125,-0.10302734375,0.2276611328125,33.38623046875,2.13623046875,-2.746581792831421
0.3631591796875,-0.0838623046875,0.2998046875,4.45556640625,3.601073980331421,10.559081077575684
0.453369140625,-0.1156005859375,0.3492431640625,-17.02880859375,-1.03759765625,18.98193359375
0.6134033203125,-0.1619873046875,0.4803466796875,-5.554198741912842,-6.408690929412842,16.7236328125
0.73388671875,-0.1221923828125,0.6470947265625,7.934569835662842,-12.695311546325684,8.4228515625
0.80859375,-0.1749267578125,0.781494140625,-1.3427733182907104,-15.197752952575684,0.9765624403953552
0.7813720703125,-0.1881103515625,0.7296142578125,17.15087890625,-13.610838890075684,4.7607421875
0.7027587890625,-0.16162109375,0.750732421875,6.530761241912842,-12.695311546325684,7.995604991912842
0.682861328125,-0.1697998046875,0.7152099609375,-11.230467796325684,-9.765625,6.408690929412842
0.6920166015625,-0.18212890625,0.67236328125,-4.39453125,-4.69970703125,5.065917491912842
0.680419921875,-0.1708984375,0.7022705078125,-2.807616949081421,0.1220703050494194,4.2724609375
0.7012939453125,-0.163818359375,0.6905517578125,-4.8828125,2.13623046875,3.662109136581421
0.6942138671875,-0.171142578125,0.67919921875,-0.1220703050494194,0.7934569716453552,3.356933355331421
0.6881103515625,-0.1590576171875,0.706787109375,-3.295898199081421,-1.5258787870407104,2.197265625
0.6790771484375,-0.1722412109375,0.689208984375,-5.126952648162842,-1.6479490995407104,0.7934569716453552
0.6864013671875,-0.1912841796875,0.67333984375,-0.30517578125,-0.54931640625,-0.9765624403953552
0.67041015625,-0.1929931640625,0.7049560546875,0.7934569716453552,1.7700194120407104,-1.8920897245407104
0.6756591796875,-0.202392578125,0.6793212890625,-3.906249761581421,2.563476324081421,-3.295898199081421
0.6793212890625,-0.2080078125,0.6912841796875,-0.8544921278953552,2.38037109375,-3.051757574081421
0.6846923828125,-0.1998291015625,0.6898193359375,-1.4038084745407104,2.807616949081421,-3.356933355331421
0.687255859375,-0.19140625,0.6888427734375,-2.685546636581421,1.8310545682907104,-2.685546636581421
0.69384765625,-0.19775390625,0.683837890625,-3.784179449081421,2.0751953125,-2.50244140625
0.7020263671875,-0.184814453125,0.66943359375,0.8544921278953552,2.25830078125,-2.624511480331421
0.6912841796875,-0.1883544921875,0.680419921875,0.0610351525247097,2.50244140625,-3.173827886581421
0.697021484375,-0.1932373046875,0.68603515625,1.5869139432907104,2.13623046875,-2.807616949081421
0.6995849609375,-0.2073974609375,0.68896484375,0.7324218153953552,2.624511480331421,-3.112792730331421
0.69921875,-0.21044921875,0.685546875,3.173827886581421,3.784179449081421,-2.44140625
0.701171875,-0.216552734375,0.677490234375,-0.2441406100988388,2.50244140625,-1.15966796875
0.7027587890625,-0.2110595703125,0.688232421875,2.50244140625,1.7700194120407104,-0.4272460639476776
0.699462890625,-0.20703125,0.69287109375,-0.1220703050494194,1.3427733182907104,-0.9155272841453552
0.6917724609375,-0.2086181640625,0.6776123046875,1.0986328125,1.9531248807907104,-0.9155272841453552
0.6966552734375,-0.202392578125,0.6717529296875,-0.9155272841453552,1.7089842557907104,-0.7324218153953552
0.709228515625,-0.2122802734375,0.6739501953125,0.8544921278953552,1.6479490995407104,-1.5258787870407104
0.6964111328125,-0.2154541015625,0.6749267578125,0.9765624403953552,2.197265625,-2.3193359375
0.7044677734375,-0.2196044921875,0.66455078125,0.0,2.38037109375,-1.2817381620407104
0.70068359375,-0.2159423828125,0.6741943359375,0.1220703050494194,3.112792730331421,-0.7934569716453552
0.7119140625,-0.2127685546875,0.66455078125,-0.6713866591453552,3.601073980331421,-0.54931640625
0.708251953125,-0.208740234375,0.669189453125,-0.1220703050494194,3.417968511581421,-0.1220703050494194
0.71142578125,-0.2105712890625,0.658203125,-0.4272460639476776,3.234863042831421,-0.2441406100988388
0.71044921875,-0.206298828125,0.6602783203125,0.8544921278953552,3.417968511581421,-0.4272460639476776
0.711181640625,-0.2083740234375,0.6563720703125,0.4882812201976776,2.624511480331421,-0.8544921278953552
0.7186279296875,-0.20654296875,0.6602783203125,2.50244140625,1.8310545682907104,-1.0986328125
0.7210693359375,-0.2137451171875,0.671142578125,0.4272460639476776,1.15966796875,-1.0986328125
0.7264404296875,-0.216064453125,0.6595458984375,1.5869139432907104,0.8544921278953552,-0.1220703050494194
0.725830078125,-0.216552734375,0.66748046875,-0.1220703050494194,-0.7324218153953552,1.0986328125
0.724365234375,-0.21044921875,0.6724853515625,-0.8544921278953552,-0.4272460639476776,1.7089842557907104
0.7103271484375,-0.2086181640625,0.6614990234375,-1.220703125,0.7324218153953552,0.9155272841453552
0.7164306640625,-0.2060546875,0.6390380859375,0.1220703050494194,0.7934569716453552,0.8544921278953552
0.718994140625,-0.20166015625,0.65771484375,0.0610351525247097,0.0,0.6103515625
0.72021484375,-0.21533203125,0.66064453125,1.4038084745407104,0.0610351525247097,0.3662109076976776
0.71630859375,-0.2177734375,0.6553955078125,-0.6103515625,-0.3662109076976776,0.6713866591453552
0.71728515625,-0.2064208984375,0.6634521484375,0.9765624403953552,-1.15966796875,1.15966796875
0.7200927734375,-0.200927734375,0.6761474609375,-1.2817381620407104,-1.2817381620407104,0.9155272841453552
0.717529296875,-0.201171875,0.6650390625,-1.0986328125,-0.7324218153953552,0.9155272841453552
0.7177734375,-0.2081298828125,0.6495361328125,-1.2817381620407104,-1.220703125,0.9155272841453552
0.71630859375,-0.1968994140625,0.66259765625,0.0,-1.5258787870407104,1.5258787870407104
0.7156982421875,-0.1993408203125,0.665283203125,-2.197265625,-1.4038084745407104,1.15966796875
0.712158203125,-0.201416015625,0.657470703125,0.30517578125,-0.6713866591453552,0.6103515625
0.71044921875,-0.1982421875,0.6644287109375,-0.54931640625,-1.03759765625,0.2441406100988388
0.71533203125,-0.1959228515625,0.6661376953125,-1.03759765625,-1.220703125,0.7934569716453552
0.71240234375,-0.19482421875,0.673583984375,-0.7934569716453552,-0.8544921278953552,0.3662109076976776
0.71142578125,-0.1947021484375,0.66455078125,-0.1220703050494194,-0.3662109076976776,-0.1220703050494194
0.7109375,-0.1903076171875,0.6663818359375,-1.15966796875,-1.3427733182907104,0.0
0.7110595703125,-0.1865234375,0.6668701171875,-0.7324218153953552,-1.5869139432907104,0.1831054538488388
0.718505859375,-0.187744140625,0.675048828125,-1.2817381620407104,-1.03759765625,-0.54931640625
0.7088623046875,-0.1895751953125,0.669189453125,-0.30517578125,-0.54931640625,-0.7934569716453552
0.707763671875,-0.1954345703125,0.6600341796875,-2.01416015625,-1.4038084745407104,-0.7324218153953552
0.7056884765625,-0.2022705078125,0.66943359375,-0.1831054538488388,-1.2817381620407104,-0.30517578125
0.70703125,-0.196044921875,0.669921875,0.2441406100988388,-0.54931640625,-0.1831054538488388
0.704345703125,-0.189453125,0.6724853515625,-0.30517578125,-0.1831054538488388,0.2441406100988388
0.7080078125,-0.1807861328125,0.66259765625,-0.0610351525247097,-0.30517578125,-0.3662109076976776
0.7105712890625,-0.18896484375,0.678955078125,-0.1831054538488388,-0.1220703050494194,-0.4272460639476776
0.705810546875,-0.1922607421875,0.6689453125,-1.5258787870407104,0.6103515625,-0.8544921278953552
0.70947265625,-0.1844482421875,0.663818359375,0.0610351525247097,0.54931640625,-1.0986328125
0.70556640625,-0.19580078125,0.6673583984375,-0.9765624403953552,0.6713866591453552,-1.4648436307907104
0.7122802734375,-0.197509765625,0.6676025390625,0.3662109076976776,1.220703125,-1.220703125
0.715087890625,-0.1893310546875,0.6739501953125,0.0,0.6713866591453552,-0.9155272841453552
0.71044921875,-0.1903076171875,0.672119140625,-0.1831054538488388,-0.1220703050494194,-1.0986328125
0.7109375,-0.1917724609375,0.6739501953125,-0.6103515625,-0.3662109076976776,-1.220703125
0.7061767578125,-0.1851806640625,0.673095703125,-0.9765624403953552,-0.0610351525247097,-0.9765624403953552
0.718017578125,-0.1878662109375,0.6640625,-1.220703125,-0.30517578125,-1.7700194120407104
0.7078857421875,-0.1929931640625,0.67041015625,0.7324218153953552,0.1831054538488388,-1.7700194120407104
0.7086181640625,-0.2012939453125,0.6671142578125,-1.8920897245407104,-0.4882812201976776,-1.2817381620407104
1.2698974609375,-0.366943359375,1.0218505859375,28.625486373901367,1.5869139432907104,-11.657713890075684
1.2738037109375,-0.4046630859375,1.1793212890625,13.427733421325684,-2.868652105331421,-15.136717796325684
1.3392333984375,-0.4197998046875,1.176513671875,12.390135765075684,-3.479003667831421,-6.591796398162842
1.294189453125,-0.3624267578125,1.0888671875,11.840819358825684,-4.0283203125,-3.051757574081421
1.216064453125,-0.3529052734375,1.0572509765625,12.695311546325684,-6.774901866912842,2.563476324081421
1.09326171875,-0.374267578125,1.00244140625,2.01416015625,-7.385253429412842,10.253905296325684
0.9798583984375,-0.332275390625,0.8267822265625,0.3662109076976776,-8.60595703125,8.60595703125
0.892333984375,-0.281005859375,0.80078125,10.375975608825684,-7.019042491912842,4.69970703125
0.8807373046875,-0.3624267578125,0.7581787109375,-3.906249761581421,-12.451170921325684,4.0283203125
0.861328125,-0.3392333984375,0.7593994140625,13.305663108825684,-12.573241233825684,3.906249761581421
0.7862548828125,-0.291259765625,0.78857421875,5.310058116912842,-13.305663108825684,-1.03759765625
0.7431640625,-0.3485107421875,0.6558837890625,13.916014671325684,-17.08984375,-9.521484375
0.6090087890625,-0.3040771484375,0.6990966796875,48.706050872802734,-11.230467796325684,-9.27734375
0.5135498046875,-0.2408447265625,0.5682373046875,-4.8828125,-11.474608421325684,-15.380858421325684
0.488525390625,-0.2789306640625,0.3306884765625,22.827146530151367,-14.892577171325684,-12.145995140075684
0.380126953125,-0.1715087890625,0.494140625,25.634763717651367,-9.21630859375,-5.676269054412842
0.380859375,-0.1717529296875,0.3734130859375,-23.559568405151367,-7.568358898162842,-6.042479991912842
0.41455078125,-0.1669921875,0.2603759765625,9.3994140625,-3.601073980331421,1.8920897245407104
0.36279296875,-0.086669921875,0.4100341796875,-3.051757574081421,0.7324218153953552,9.09423828125
0.4422607421875,-0.1708984375,0.33447265625,-24.719236373901367,-0.7324218153953552,9.94873046875
0.4769287109375,-0.1263427734375,0.4468994140625,-3.234863042831421,7.446288585662842,12.145995140075684
0.5203857421875,-0.1170654296875,0.490234375,-21.667478561401367,10.681151390075684,10.253905296325684
0.6365966796875,-0.1474609375,0.4696044921875,-5.432128429412842,8.7890625,10.742186546325684
0.6451416015625,-0.1031494140625,0.6348876953125,0.30517578125,9.09423828125,6.103515148162842
0.7294921875,-0.1336669921875,0.6278076171875,-1.5869139432907104,8.7890625,2.0751953125
0.755615234375,-0.158447265625,0.6416015625,7.751464366912842,2.0751953125,3.662109136581421
0.7410888671875,-0.1422119140625,0.71533203125,2.990722417831421,-1.8920897245407104,3.417968511581421
0.7708740234375,-0.2049560546875,0.7242431640625,-2.807616949081421,-4.2724609375,3.417968511581421
0.7247314453125,-0.19921875,0.7078857421875,2.929687261581421,-1.2817381620407104,1.7700194120407104
0.7073974609375,-0.18505859375,0.658203125,-1.15966796875,-0.7324218153953552,2.38037109375
0.7001953125,-0.1993408203125,0.6573486328125,-3.906249761581421,-0.54931640625,4.0283203125
0.695068359375,-0.202392578125,0.6707763671875,-6.713866710662842,2.13623046875,2.13623046875
0.7169189453125,-0.1920166015625,0.6417236328125,-3.295898199081421,4.21142578125,2.3193359375
0.7110595703125,-0.1866455078125,0.63427734375,-3.967284917831421,1.3427733182907104,2.13623046875
0.7171630859375,-0.199951171875,0.6500244140625,-0.1220703050494194,0.6103515625,0.8544921278953552
0.7156982421875,-0.1968994140625,0.6600341796875,-0.4272460639476776,0.4882812201976776,0.8544921278953552
0.7216796875,-0.1959228515625,0.6468505859375,-2.13623046875,0.6103515625,0.0610351525247097
0.719482421875,-0.199462890625,0.6513671875,0.54931640625,0.8544921278953552,0.6103515625
0.71923828125,-0.2132568359375,0.6553955078125,-1.4648436307907104,1.4648436307907104,0.4272460639476776
0.7239990234375,-0.199951171875,0.6429443359375,0.4882812201976776,1.2817381620407104,0.54931640625
0.7169189453125,-0.1895751953125,0.6558837890625,0.54931640625,0.6713866591453552,0.1831054538488388
0.73046875,-0.1810302734375,0.650146484375,2.685546636581421,1.15966796875,-0.7934569716453552
0.725341796875,-0.1978759765625,0.6544189453125,0.2441406100988388,0.6713866591453552,-0.7324218153953552
0.725830078125,-0.20361328125,0.659423828125,0.7934569716453552,0.8544921278953552,-0.0610351525247097
0.72900390625,-0.20703125,0.646240234375,-1.220703125,0.4882812201976776,-0.1220703050494194
0.7283935546875,-0.205810546875,0.66552734375,0.7324218153953552,0.7324218153953552,0.4272460639476776
0.7242431640625,-0.20947265625,0.65771484375,-1.2817381620407104,1.2817381620407104,0.30517578125
0.7264404296875,-0.1937255859375,0.6455078125,-1.0986328125,0.0610351525247097,0.54931640625
0.71533203125,-0.1956787109375,0.66357421875,-2.0751953125,-0.1831054538488388,0.0610351525247097
0.72705078125,-0.194580078125,0.645263671875,-2.44140625,0.0610351525247097,-0.4882812201976776
0.7257080078125,-0.1934814453125,0.6591796875,-1.5258787870407104,0.6713866591453552,-1.15966796875
0.7281494140625,-0.1982421875,0.6466064453125,-0.54931640625,0.2441406100988388,-0.9765624403953552
0.723388671875,-0.1995849609375,0.66455078125,-2.868652105331421,-1.15966796875,-0.0610351525247097
0.7279052734375,-0.195556640625,0.65869140625,-2.807616949081421,-0.54931640625,0.54931640625
0.7269287109375,-0.1866455078125,0.6514892578125,-1.7700194120407104,0.4882812201976776,0.4272460639476776
0.7208251953125,-0.192138671875,0.6478271484375,-1.6479490995407104,0.9155272841453552,0.4272460639476776
0.7261962890625,-0.186279296875,0.6519775390625,-0.4272460639476776,0.54931640625,1.5258787870407104
0.7236328125,-0.1810302734375,0.660888671875,-1.9531248807907104,0.4272460639476776,1.15966796875
0.7222900390625,-0.177978515625,0.648193359375,-1.2817381620407104,0.2441406100988388,0.3662109076976776
0.724365234375,-0.18212890625,0.6483154296875,-0.2441406100988388,0.1831054538488388,0.0610351525247097
0.7305908203125,-0.17919921875,0.655029296875,0.8544921278953552,0.6713866591453552,0.3662109076976776
0.7333984375,-0.1904296875,0.656982421875,-0.30517578125,0.6713866591453552,0.9155272841453552
0.734130859375,-0.1778564453125,0.652587890625,0.6713866591453552,0.7934569716453552,1.6479490995407104
0.7347412109375,-0.170654296875,0.6654052734375,-0.1220703050494194,0.2441406100988388,1.5869139432907104
0.7259521484375,-0.1795654296875,0.66455078125,-1.03759765625,0.0610351525247097,1.3427733182907104
0.7255859375,-0.1751708984375,0.650634765625,-1.15966796875,-0.1831054538488388,1.6479490995407104
0.72509765625,-0.16845703125,0.65625,-0.2441406100988388,-1.15966796875,0.9155272841453552
0.7266845703125,-0.1806640625,0.656005859375,-0.30517578125,-1.6479490995407104,-0.1831054538488388
0.72802734375,-0.1839599609375,0.664306640625,-0.2441406100988388,-1.3427733182907104,0.7324218153953552
0.7298583984375,-0.1702880859375,0.6568603515625,-0.9765624403953552,-0.8544921278953552,0.3662109076976776
0.7269287109375,-0.174072265625,0.6607666015625,-0.4882812201976776,-0.9155272841453552,0.7324218153953552
0.7269287109375,-0.178955078125,0.6649169921875,-1.4038084745407104,-0.8544921278953552,1.3427733182907104
0.7303466796875,-0.16943359375,0.6571044921875,-1.2817381620407104,-0.3662109076976776,1.5258787870407104
0.7291259765625,-0.160888671875,0.661865234375,-1.220703125,-0.4882812201976776,1.3427733182907104
0.729248046875,-0.1636962890625,0.65771484375,-0.8544921278953552,-0.3662109076976776,1.220703125
0.722412109375,-0.168701171875,0.6646728515625,-1.4648436307907104,-0.4882812201976776,1.15966796875
0.731201171875,-0.1646728515625,0.6552734375,-0.54931640625,-0.30517578125,0.7934569716453552
0.7255859375,-0.167236328125,0.658935546875,-1.0986328125,-0.30517578125,1.220703125
0.7274169921875,-0.170166015625,0.6552734375,-1.0986328125,-0.3662109076976776,1.4648436307907104
0.7220458984375,-0.1646728515625,0.6666259765625,-0.9155272841453552,0.0610351525247097,1.220703125
0.7303466796875,-0.158935546875,0.6507568359375,0.0,0.0610351525247097,0.6713866591453552
0.715576171875,-0.15869140625,0.6602783203125,-0.30517578125,-0.4272460639476776,0.2441406100988388
0.73388671875,-0.1568603515625,0.6512451171875,0.1831054538488388,-0.6713866591453552,0.30517578125
0.7237548828125,-0.163330078125,0.672119140625,0.8544921278953552,-0.2441406100988388,-0.54931640625
0.726318359375,-0.167724609375,0.6484375,-0.3662109076976776,-0.4882812201976776,-0.54931640625
0.716796875,-0.1717529296875,0.6644287109375,-0.1220703050494194,-1.7089842557907104,0.0
0.7281494140625,-0.165771484375,0.6666259765625,1.4038084745407104,-1.5258787870407104,-0.4882812201976776
0.7308349609375,-0.1558837890625,0.6695556640625,1.0986328125,-1.4038084745407104,0.30517578125
0.7318115234375,-0.15576171875,0.6632080078125,-0.9155272841453552,-1.4038084745407104,1.3427733182907104
0.72998046875,-0.156005859375,0.6610107421875,-0.1220703050494194,-0.7934569716453552,1.6479490995407104
0.7197265625,-0.152587890625,0.6566162109375,0.3662109076976776,0.3662109076976776,1.3427733182907104
0.7198486328125,-0.1536865234375,0.647216796875,0.3662109076976776,0.6713866591453552,0.2441406100988388
0.71630859375,-0.163818359375,0.657470703125,2.197265625,1.15966796875,-0.9155272841453552
0.7178955078125,-0.16015625,0.6593017578125,2.50244140625,0.54931640625,-0.9765624403953552
0.722900390625,-0.1533203125,0.6649169921875,0.9155272841453552,-0.2441406100988388,-0.6713866591453552
0.7315673828125,-0.1551513671875,0.66064453125,1.4648436307907104,-0.1220703050494194,-0.7934569716453552
0.725830078125,-0.160888671875,0.65771484375,1.2817381620407104,0.1831054538488388,-0.30517578125
0.72314453125,-0.157958984375,0.656005859375,1.3427733182907104,0.3662109076976776,0.54931640625
0.7279052734375,-0.1507568359375,0.6484375,1.6479490995407104,0.7324218153953552,0.4882812201976776
0.729736328125,-0.1607666015625,0.668212890625,2.38037109375,0.6713866591453552,0.2441406100988388
1.093505859375,-0.3955078125,1.103515625,-2.0751953125,-6.286620616912842,-12.512206077575684
1.1480712890625,-0.408203125,1.0150146484375,20.080564498901367,-3.784179449081421,-6.286620616912842
1.20947265625,-0.3856201171875,1.187744140625,0.7324218153953552,-9.82666015625,-11.352538108825684
1.245849609375,-0.4674072265625,1.201416015625,11.291502952575684,-3.479003667831421,-9.33837890625
1.2286376953125,-0.41650390625,1.149658203125,21.057126998901367,-4.33349609375,1.4648436307907104
1.1580810546875,-0.4091796875,1.1710205078125,-1.8920897245407104,-5.249022960662842,8.72802734375
1.0592041015625,-0.370849609375,1.06640625,-1.15966796875,-0.54931640625,15.197752952575684
0.964599609375,-0.3336181640625,0.9483642578125,-7.568358898162842,0.0610351525247097,15.197752952575684
0.9097900390625,-0.3173828125,0.8966064453125,-3.356933355331421,0.54931640625,13.488768577575684
0.8599853515625,-0.3363037109375,0.8321533203125,-8.60595703125,-1.7089842557907104,12.695311546325684
0.7947998046875,-0.3109130859375,0.7642822265625,-2.807616949081421,-5.981444835662842,11.352538108825684
0.7607421875,-0.275390625,0.706787109375,-0.4272460639476776,-12.512206077575684,6.042479991912842
0.7242431640625,-0.2335205078125,0.7789306640625,-4.57763671875,-13.549803733825684,5.187987804412842
0.6126708984375,-0.2130126953125,0.5880126953125,13.732909202575684,-9.33837890625,-0.7324218153953552
0.531494140625,-0.1575927734375,0.4532470703125,14.221190452575684,-8.7890625,-9.58251953125
0.4912109375,-0.1165771484375,0.4649658203125,17.9443359375,-4.33349609375,-9.765625
0.4283447265625,-0.1199951171875,0.416748046875,14.221190452575684,3.784179449081421,-5.798339366912842
0.3470458984375,-0.06494140625,0.3759765625,-1.4038084745407104,7.751464366912842,3.845214605331421
0.3599853515625,-0.0596923828125,0.2498779296875,-8.056640625,5.371093273162842,6.835937023162842
0.397216796875,-0.09423828125,0.31884765625,-1.4648436307907104,0.6103515625,10.986327171325684
0.4093017578125,-0.063232421875,0.429443359375,-5.432128429412842,1.5869139432907104,15.014647483825684
0.501220703125,-0.074951171875,0.4144287109375,-10.314940452575684,0.4272460639476776,21.911619186401367
0.5516357421875,-0.081298828125,0.4713134765625,-6.591796398162842,-0.7934569716453552,22.155759811401367
0.632080078125,-0.065673828125,0.549560546875,1.3427733182907104,0.8544921278953552,17.7001953125
0.70556640625,-0.052490234375,0.6185302734375,9.94873046875,0.0,14.892577171325684
0.7265625,-0.0655517578125,0.69775390625,9.82666015625,-1.5258787870407104,9.6435546875
0.7802734375,-0.086669921875,0.75439453125,12.084959983825684,-2.38037109375,5.187987804412842
0.7276611328125,-0.095947265625,0.7498779296875,11.657713890075684,-1.8920897245407104,3.784179449081421
0.7457275390625,-0.10302734375,0.6920166015625,0.4272460639476776,-3.051757574081421,3.173827886581421
0.714111328125,-0.1207275390625,0.6966552734375,-3.845214605331421,-2.807616949081421,4.82177734375
0.7303466796875,-0.1273193359375,0.6436767578125,-0.54931640625,0.1220703050494194,4.45556640625
0.7216796875,-0.14111328125,0.660400390625,3.723144292831421,1.220703125,6.164550304412842
0.7271728515625,-0.1356201171875,0.6654052734375,0.6713866591453552,3.173827886581421,8.30078125
0.7244873046875,-0.1224365234375,0.6488037109375,1.4648436307907104,3.845214605331421,8.544921875
0.7113037109375,-0.117919921875,0.656494140625,3.295898199081421,2.807616949081421,6.225585460662842
0.7149658203125,-0.1075439453125,0.6710205078125,3.295898199081421,0.54931640625,2.807616949081421
0.713623046875,-0.1131591796875,0.68505859375,-0.0610351525247097,0.0610351525247097,0.0
0.7193603515625,-0.1292724609375,0.6614990234375,-1.8920897245407104,0.4272460639476776,-3.540038824081421
0.72216796875,-0.1378173828125,0.65478515625,1.7700194120407104,-0.0610351525247097,-4.0283203125
0.7198486328125,-0.14013671875,0.6807861328125,-1.9531248807907104,-0.3662109076976776,-3.601073980331421
0.7257080078125,-0.1300048828125,0.6668701171875,-1.9531248807907104,0.6713866591453552,-2.50244140625
0.728271484375,-0.125244140625,0.65869140625,-3.112792730331421,1.4648436307907104,-2.38037109375
0.7322998046875,-0.1273193359375,0.6434326171875,2.01416015625,1.8920897245407104,-3.967284917831421
0.7216796875,-0.1334228515625,0.652587890625,1.8920897245407104,0.30517578125,-5.859374523162842
0.7264404296875,-0.14453125,0.6552734375,1.4648436307907104,-1.2817381620407104,-6.347655773162842
0.7208251953125,-0.1527099609375,0.67578125,2.563476324081421,-0.3662109076976776,-5.981444835662842
0.74072265625,-0.1439208984375,0.67578125,1.8920897245407104,0.8544921278953552,-5.065917491912842
0.7369384765625,-0.1474609375,0.6802978515625,1.4648436307907104,1.6479490995407104,-3.356933355331421
0.7357177734375,-0.141357421875,0.662353515625,-0.4272460639476776,1.03759765625,-1.7700194120407104
0.7373046875,-0.14306640625,0.658203125,1.7089842557907104,0.4882812201976776,-0.7324218153953552
0.7327880859375,-0.140380859375,0.668701171875,0.54931640625,1.03759765625,-0.2441406100988388
0.7298583984375,-0.1461181640625,0.6490478515625,2.38037109375,1.4038084745407104,0.1831054538488388
0.7252197265625,-0.1429443359375,0.642822265625,3.417968511581421,1.5258787870407104,0.1220703050494194
0.7347412109375,-0.1536865234375,0.6473388671875,3.906249761581421,0.4272460639476776,-0.4882812201976776
0.7379150390625,-0.1658935546875,0.6719970703125,4.82177734375,0.3662109076976776,-0.1220703050494194
0.735107421875,-0.1610107421875,0.67333984375,1.9531248807907104,1.220703125,0.4272460639476776
0.7327880859375,-0.1524658203125,0.6748046875,1.03759765625,0.9155272841453552,1.6479490995407104
0.7381591796875,-0.1546630859375,0.6783447265625,-2.25830078125,1.0986328125,1.5869139432907104
0.7335205078125,-0.159423828125,0.6627197265625,-2.0751953125,0.9765624403953552,1.220703125
0.7283935546875,-0.162109375,0.653564453125,-2.25830078125,-0.1831054538488388,1.4648436307907104
0.7239990234375,-0.1573486328125,0.660888671875,-3.295898199081421,-0.2441406100988388,1.0986328125
0.7281494140625,-0.151123046875,0.6513671875,-2.868652105331421,0.0610351525247097,0.4882812201976776
0.725830078125,-0.146240234375,0.658447265625,-2.0751953125,0.6103515625,0.3662109076976776
0.7344970703125,-0.1416015625,0.6507568359375,-2.990722417831421,0.8544921278953552,0.4882812201976776
0.7398681640625,-0.135498046875,0.65625,-0.8544921278953552,1.5869139432907104,0.0
0.734375,-0.136962890625,0.659912109375,-1.7700194120407104,2.0751953125,0.0
0.736083984375,-0.1400146484375,0.6583251953125,-3.234863042831421,1.0986328125,0.4272460639476776
0.740966796875,-0.130859375,0.6549072265625,-1.4038084745407104,0.6103515625,0.6103515625
0.7333984375,-0.13232421875,0.66259765625,-2.3193359375,0.0610351525247097,0.54931640625
0.73828125,-0.1331787109375,0.6593017578125,-1.8920897245407104,0.2441406100988388,0.7934569716453552
0.736328125,-0.129150390625,0.6580810546875,-2.563476324081421,0.0,0.7324218153953552
0.7235107421875,-0.1226806640625,0.651123046875,-1.5869139432907104,0.0,0.7324218153953552
0.7337646484375,-0.11376953125,0.642578125,-1.3427733182907104,-0.54931640625,-0.2441406100988388
0.73095703125,-0.129638671875,0.67431640625,0.9155272841453552,-0.7324218153953552,-1.5258787870407104
0.7303466796875,-0.142333984375,0.659912109375,-1.5869139432907104,-0.8544921278953552,-1.9531248807907104
0.73193359375,-0.13916015625,0.659423828125,-1.15966796875,-1.6479490995407104,-0.7934569716453552
0.728759765625,-0.1348876953125,0.6607666015625,-1.7089842557907104,-1.2817381620407104,-0.9155272841453552
0.7283935546875,-0.1309814453125,0.6673583984375,-0.4272460639476776,-0.54931640625,-1.220703125
0.726806640625,-0.1287841796875,0.6600341796875,-2.0751953125,-0.3662109076976776,-1.3427733182907104
0.735595703125,-0.1270751953125,0.6591796875,-1.220703125,-0.1220703050494194,-1.7700194120407104
0.7291259765625,-0.1221923828125,0.66259765625,-0.9155272841453552,0.1831054538488388,-2.197265625
0.7333984375,-0.1246337890625,0.6514892578125,-0.8544921278953552,-0.1220703050494194,-2.197265625
0.728271484375,-0.1396484375,0.6575927734375,-0.54931640625,0.1220703050494194,-2.563476324081421
0.7322998046875,-0.1395263671875,0.6595458984375,-0.6103515625,0.30517578125,-2.13623046875
0.736572265625,-0.1297607421875,0.6571044921875,-0.6103515625,0.7934569716453552,-1.8310545682907104
0.7286376953125,-0.1297607421875,0.6610107421875,-1.0986328125,0.8544921278953552,-1.6479490995407104
0.735107421875,-0.1300048828125,0.662109375,-1.2817381620407104,1.5258787870407104,-1.5258787870407104
0.727783203125,-0.1331787109375,0.6546630859375,-1.220703125,2.13623046875,-1.4648436307907104
0.738037109375,-0.1328125,0.647705078125,-1.4648436307907104,1.8920897245407104,-1.8920897245407104
0.7291259765625,-0.1298828125,0.666259765625,0.30517578125,1.7089842557907104,-2.197265625
0.7340087890625,-0.1337890625,0.64697265625,-2.38037109375,0.4272460639476776,-2.44140625
0.732177734375,-0.1431884765625,0.66064453125,-0.54931640625,0.6713866591453552,-2.197265625
0.733154296875,-0.1396484375,0.6546630859375,-0.2441406100988388,1.2817381620407104,-2.0751953125
0.729736328125,-0.13623046875,0.66162109375,-0.2441406100988388,1.2817381620407104,-1.4648436307907104
0.7347412109375,-0.128662109375,0.656494140625,-0.30517578125,1.15966796875,-1.220703125
0.737548828125,-0.12841796875,0.6556396484375,0.1220703050494194,0.9155272841453552,-1.5869139432907104
0.737060546875,-0.13232421875,0.652587890625,1.2817381620407104,1.15966796875,-1.9531248807907104
0.740478515625,-0.132568359375,0.6531982421875,0.54931640625,0.9155272841453552,-1.4648436307907104
0.740478515625,-0.140625,0.656982421875,0.1831054538488388,1.220703125,-0.6713866591453552
0.7415771484375,-0.137451171875,0.6519775390625,1.2817381620407104,2.3193359375,0.1831054538488388
