1772894610.2445748,-0.962646484375,-0.24267578125,-0.021484375,1.5258787870407104,0.0,-0.4272460639476776,2,gustav
1772894610.2734165,-0.96435546875,-0.237548828125,-0.029541015625,-2.807616949081421,0.1831054538488388,-1.5869139432907104,2,gustav
1772894610.3029106,-0.9698486328125,-0.218017578125,-0.05126953125,0.4882812201976776,-1.4648436307907104,-1.8310545682907104,2,gustav
1772894610.3468091,-0.97216796875,-0.2454833984375,-0.0223388671875,-2.25830078125,-1.5869139432907104,-0.54931640625,2,gustav
1772894610.3778112,-0.954345703125,-0.241455078125,-0.009521484375,-2.44140625,-0.9765624403953552,-0.1831054538488388,2,gustav
1772894610.4244885,-0.95654296875,-0.2393798828125,-0.0142822265625,-3.417968511581421,-0.4882812201976776,0.0,2,gustav
1772894610.4530237,-0.9537353515625,-0.2415771484375,-0.0142822265625,-3.662109136581421,0.30517578125,1.0986328125,2,gustav
1772894610.496045,-0.9573974609375,-0.232666015625,-0.016845703125,-1.5869139432907104,0.7934569716453552,1.5258787870407104,2,gustav
1772894610.529145,-0.9652099609375,-0.2342529296875,-0.0181884765625,-0.54931640625,0.9155272841453552,0.9155272841453552,2,gustav
1772894610.573006,-0.9669189453125,-0.237060546875,-0.018310546875,2.38037109375,0.4882812201976776,0.2441406100988388,2,gustav
1772894610.6147916,-0.9625244140625,-0.2366943359375,-0.017822265625,1.3427733182907104,0.9765624403953552,0.0,2,gustav
1772894610.6482017,-0.9599609375,-0.232177734375,-0.02587890625,1.2817381620407104,0.6713866591453552,-0.4272460639476776,2,gustav
1772894610.6740046,-0.9586181640625,-0.24267578125,-0.023681640625,0.7934569716453552,-0.1220703050494194,-0.0610351525247097,2,gustav
1772894610.7242186,-0.9583740234375,-0.2359619140625,-0.0225830078125,-0.1831054538488388,-0.0610351525247097,-0.1220703050494194,2,gustav
1772894610.7497504,-0.9600830078125,-0.23779296875,-0.0277099609375,-0.6103515625,-0.6713866591453552,0.0,2,gustav
1772894610.7921166,-0.9599609375,-0.2431640625,-0.0206298828125,-1.3427733182907104,-0.6713866591453552,-0.1220703050494194,2,gustav
1772894610.8274922,-0.959228515625,-0.22998046875,-0.0244140625,-0.9155272841453552,-1.2817381620407104,0.0610351525247097,2,gustav
1772894610.873151,-0.9605712890625,-0.252685546875,-0.015625,-1.03759765625,-1.220703125,0.9155272841453552,2,gustav
1772894610.9185743,-0.96630859375,-0.2530517578125,-0.0299072265625,1.3427733182907104,-2.807616949081421,2.868652105331421,2,gustav
1772894610.9484868,-0.97265625,-0.28466796875,-0.0361328125,2.3193359375,-5.065917491912842,7.812499523162842,2,gustav
1772894610.9926853,-0.9808349609375,-0.290771484375,-0.0321044921875,2.685546636581421,-5.615233898162842,11.840819358825684,2,gustav
1772894611.0212357,-0.9991455078125,-0.3309326171875,-0.0982666015625,10.314940452575684,-11.962889671325684,21.179197311401367,2,gustav
1772894611.049211,-0.9881591796875,-0.374267578125,-0.120849609375,9.33837890625,-17.88330078125,35.0341796875,2,gustav
1772894611.0969014,-1.0001220703125,-0.427490234375,-0.1339111328125,11.413573265075684,-27.160642623901367,53.161617279052734,2,gustav
1772894611.1407065,-1.0133056640625,-0.5008544921875,-0.179443359375,13.671874046325684,-36.4990234375,66.34521484375,2,gustav
1772894611.1747773,-1.032470703125,-0.613525390625,-0.26953125,16.357421875,-49.987789154052734,89.17235565185547,2,gustav
1772894611.2035065,-1.0233154296875,-0.6170654296875,-0.265625,13.000487327575684,-63.293453216552734,113.76952362060547,2,gustav
1772894611.2488778,-1.01220703125,-0.793701171875,-0.3756103515625,17.7001953125,-82.21434783935547,135.19287109375,2,gustav
1772894611.2920716,-1.03369140625,-0.794677734375,-0.44384765625,4.150390625,-99.48729705810547,152.28271484375,2,gustav
1772894611.3220701,-0.9820556640625,-0.71630859375,-0.4437255859375,2.929687261581421,-118.65233612060547,157.3486328125,2,gustav
1772894611.354662,-0.956298828125,-0.8209228515625,-0.634521484375,9.94873046875,-141.78466796875,173.21775817871094,2,gustav
1772894611.3964372,-0.713134765625,-0.76123046875,-0.5263671875,21.789548873901367,-149.90234375,181.03025817871094,2,gustav
1772894611.4295456,-0.527099609375,-0.877197265625,-0.6461181640625,37.04833984375,-161.92625427246094,182.61717224121094,2,gustav
1772894611.4733198,-0.4049072265625,-0.9234619140625,-0.5343017578125,31.494138717651367,-175.96434020996094,188.11033630371094,2,gustav
1772894611.5638132,-0.345458984375,-0.84375,-0.5018310546875,12.023924827575684,-174.68260192871094,192.01658630371094,2,gustav
1772894611.5638132,-0.42578125,-0.911865234375,-0.55224609375,-25.878904342651367,-169.25047302246094,192.19969177246094,2,gustav
1772894611.623623,-0.2327880859375,-0.617919921875,-0.3154296875,-15.624999046325684,-157.65380859375,189.51414489746094,2,gustav
1772894611.623623,0.1080322265625,-0.6578369140625,-0.4727783203125,7.934569835662842,-163.08592224121094,171.08152770996094,2,gustav
1772894611.7422009,0.3343505859375,-0.4656982421875,-0.1383056640625,6.408690929412842,-137.0849609375,151.91650390625,2,gustav
1772894611.7422009,0.4818115234375,-0.395263671875,-0.13330078125,16.11328125,-113.46434783935547,136.41357421875,2,gustav
1772894611.745642,0.5831298828125,-0.2711181640625,0.0670166015625,-1.8310545682907104,-74.0966796875,104.24803924560547,2,gustav
1772894611.7981486,0.655029296875,-0.2677001953125,0.0550537109375,-11.474608421325684,-34.36279296875,57.739253997802734,2,gustav
1772894611.8607285,0.7535400390625,-0.15576171875,0.248779296875,-20.202634811401367,9.8876953125,3.356933355331421,2,gustav
1772894611.8607285,0.7169189453125,-0.1962890625,0.052734375,-22.644041061401367,49.560543060302734,-49.865718841552734,2,gustav
1772894611.9250824,0.647216796875,-0.26171875,-0.095947265625,-4.94384765625,79.2236328125,-91.91893768310547,2,gustav
1772894611.9820914,0.5565185546875,-0.3424072265625,-0.076904296875,-21.118162155151367,103.45458221435547,-121.52098846435547,2,gustav
1772894611.9820914,0.378173828125,-0.6419677734375,-0.393310546875,-13.488768577575684,118.83544158935547,-139.58740234375,2,gustav
1772894612.042488,0.37646484375,-0.5501708984375,-0.130126953125,-25.024412155151367,128.5400390625,-151.2451171875,2,gustav
1772894612.101808,0.134033203125,-0.834716796875,-0.6400146484375,-14.648436546325684,125.36620330810547,-150.57373046875,2,gustav
1772894612.101808,0.1815185546875,-0.6595458984375,-0.1634521484375,-30.944822311401367,124.14550018310547,-161.43797302246094,2,gustav
1772894612.2224507,-0.22509765625,-0.9801025390625,-0.772216796875,7.568358898162842,113.46434783935547,-155.8837890625,2,gustav
1772894612.2224507,-0.1937255859375,-0.7249755859375,-0.2305908203125,-2.563476324081421,122.00926971435547,-155.57861328125,2,gustav
1772894612.2224507,-0.444091796875,-0.9534912109375,-0.70751953125,16.845703125,113.76952362060547,-156.31103515625,2,gustav
1772894612.2843432,-0.507568359375,-0.7938232421875,-0.255126953125,-15.991209983825684,124.08446502685547,-154.052734375,2,gustav
1772894612.3436382,-0.6710205078125,-0.82275390625,-0.4525146484375,-36.0107421875,119.07958221435547,-155.3955078125,2,gustav
1772894612.4038935,-0.7491455078125,-0.834228515625,-0.340087890625,-53.344722747802734,116.88231658935547,-156.55517578125,2,gustav
1772894612.4038935,-0.8468017578125,-0.7203369140625,-0.3111572265625,-75.37841796875,111.20604705810547,-169.25047302246094,2,gustav
1772894612.461977,-0.9884033203125,-0.7451171875,-0.3514404296875,-42.114253997802734,100.83007049560547,-173.52293395996094,2,gustav
1772894612.461977,-0.9866943359375,-0.6888427734375,-0.25390625,-23.254392623901367,90.94237518310547,-169.79978942871094,2,gustav
1772894612.518257,-1.151611328125,-0.6788330078125,-0.2611083984375,11.962889671325684,75.50048828125,-134.27734375,2,gustav
1772894612.640801,-0.9566650390625,-0.7015380859375,-0.1961669921875,14.221190452575684,61.767574310302734,-111.20604705810547,2,gustav
1772894612.640801,-1.0731201171875,-0.6405029296875,-0.1671142578125,18.9208984375,43.945308685302734,-93.20067596435547,2,gustav
1772894612.640801,-1.016357421875,-0.587646484375,-0.1859130859375,27.648923873901367,31.066892623901367,-54.565425872802734,2,gustav
1772894612.7033498,-0.9385986328125,-0.5989990234375,-0.1905517578125,26.489255905151367,13.977049827575684,-23.742673873901367,2,gustav
1772894612.7033498,-0.9415283203125,-0.43701171875,-0.1014404296875,38.818359375,-1.3427733182907104,-5.615233898162842,2,gustav
1772894612.7625875,-0.9783935546875,-0.4766845703125,-0.15087890625,24.169919967651367,-13.793944358825684,16.4794921875,2,gustav
1772894612.8236382,-0.982666015625,-0.4378662109375,-0.126953125,4.82177734375,-22.033689498901367,36.9873046875,2,gustav
1772894612.8236382,-1.0257568359375,-0.505126953125,-0.218505859375,-4.45556640625,-38.4521484375,56.152339935302734,2,gustav
1772894612.9427357,-1.032958984375,-0.5491943359375,-0.2568359375,0.9765624403953552,-57.556148529052734,80.87157440185547,2,gustav
1772894613.0017357,-1.0303955078125,-0.5699462890625,-0.29443359375,6.591796398162842,-74.0966796875,98.81591033935547,2,gustav
1772894613.0017357,-0.996826171875,-0.578369140625,-0.26123046875,8.4228515625,-87.28026580810547,111.38915252685547,2,gustav
1772894613.0017357,-0.942626953125,-0.6280517578125,-0.3270263671875,6.286620616912842,-97.04589080810547,125.48827362060547,2,gustav
1772894613.0625756,-0.866943359375,-0.668701171875,-0.3328857421875,0.3662109076976776,-100.21971893310547,128.662109375,2,gustav
1772894613.0625756,-0.8226318359375,-0.72509765625,-0.3565673828125,2.44140625,-100.83007049560547,132.62939453125,2,gustav
1772894613.1239831,-0.712646484375,-0.7030029296875,-0.3382568359375,-1.6479490995407104,-100.52489471435547,132.32421875,2,gustav
1772894613.185083,-0.679443359375,-0.8453369140625,-0.462890625,-4.45556640625,-101.13524627685547,130.7373046875,2,gustav
1772894613.3043513,-0.5576171875,-0.828857421875,-0.4415283203125,4.94384765625,-102.72216033935547,134.46044921875,2,gustav
1772894613.3043513,-0.4559326171875,-0.9210205078125,-0.495849609375,12.756346702575684,-104.61425018310547,141.7236328125,2,gustav
1772894613.3043513,-0.3466796875,-0.971923828125,-0.501953125,7.507323741912842,-107.11669158935547,148.37646484375,2,gustav
1772894613.3066552,-0.2777099609375,-0.9171142578125,-0.4959716796875,-2.25830078125,-109.37499237060547,155.09033203125,2,gustav
1772894613.3622217,-0.2012939453125,-0.9747314453125,-0.53515625,-8.4228515625,-109.00878143310547,160.09521484375,2,gustav
1772894613.4221208,0.01806640625,-0.763671875,-0.4310302734375,1.7089842557907104,-107.17772674560547,159.7900390625,2,gustav
1772894613.4221208,0.133056640625,-0.74609375,-0.4896240234375,13.610838890075684,-107.78807830810547,146.30126953125,2,gustav
1772894613.484464,0.217529296875,-0.5535888671875,-0.28076171875,21.911619186401367,-97.59520721435547,132.8125,2,gustav
1772894613.484464,0.3446044921875,-0.5498046875,-0.3463134765625,31.066892623901367,-89.96581268310547,113.58641815185547,2,gustav
1772894613.543412,0.488525390625,-0.6279296875,-0.3541259765625,37.04833984375,-81.29882049560547,99.24315643310547,2,gustav
1772894613.6027045,0.5899658203125,-0.558837890625,-0.3209228515625,33.3251953125,-73.18115234375,91.36962127685547,2,gustav
1772894613.6027045,0.6707763671875,-0.4947509765625,-0.3192138671875,44.799800872802734,-77.1484375,83.49608612060547,2,gustav
1772894613.6635394,0.70703125,-0.3931884765625,-0.1671142578125,31.311033248901367,-71.47216796875,68.2373046875,2,gustav
1772894613.7222893,0.7401123046875,-0.3271484375,-0.1300048828125,15.686034202575684,-50.476070404052734,44.555660247802734,2,gustav
1772894613.7222893,0.733154296875,-0.2587890625,-0.058349609375,-12.023924827575684,-20.690916061401367,11.230467796325684,2,gustav
1772894613.784451,0.73095703125,-0.2459716796875,-0.038818359375,-18.9208984375,16.2353515625,-25.085447311401367,2,gustav
1772894613.8371162,0.72265625,-0.2987060546875,-0.06982421875,-14.587401390075684,45.959468841552734,-54.199214935302734,2,gustav
1772894613.8371162,0.657958984375,-0.3533935546875,-0.191162109375,-5.126952648162842,67.138671875,-83.55712127685547,2,gustav
1772894614.0181818,0.610107421875,-0.45458984375,-0.2259521484375,4.94384765625,75.68359375,-95.64208221435547,2,gustav
1772894614.0181818,0.5634765625,-0.488037109375,-0.220703125,-2.685546636581421,89.84374237060547,-109.74120330810547,2,gustav
1772894614.0181818,0.4124755859375,-0.7408447265625,-0.4642333984375,-1.15966796875,98.32762908935547,-112.54882049560547,2,gustav
1772894614.0181818,0.3951416015625,-0.624755859375,-0.311279296875,-29.541013717651367,104.43114471435547,-122.19237518310547,2,gustav
1772894614.0845947,0.144287109375,-0.708984375,-0.30029296875,-23.803709030151367,108.58153533935547,-130.79833984375,2,gustav
1772894614.204563,-0.070068359375,-0.8795166015625,-0.6942138671875,-6.774901866912842,106.01805877685547,-129.150390625,2,gustav
1772894614.205729,-0.1026611328125,-0.6888427734375,-0.2576904296875,-6.225585460662842,116.33300018310547,-130.55419921875,2,gustav
1772894614.205729,-0.2884521484375,-0.9171142578125,-0.69580078125,19.10400390625,110.53466033935547,-140.19775390625,2,gustav
1772894614.2623167,-0.3876953125,-0.6590576171875,-0.2359619140625,3.112792730331421,130.37109375,-137.20703125,2,gustav
1772894614.2623167,-0.5455322265625,-0.9613037109375,-0.74072265625,-9.58251953125,122.98583221435547,-148.4375,2,gustav
1772894614.3228714,-0.7115478515625,-0.7042236328125,-0.2481689453125,-24.780271530151367,123.84032440185547,-137.63427734375,2,gustav
1772894614.442789,-0.6793212890625,-0.9637451171875,-0.7001953125,1.3427733182907104,112.85399627685547,-131.53076171875,2,gustav
1772894614.5028284,-0.8453369140625,-0.6971435546875,-0.32421875,13.732909202575684,102.60009002685547,-127.07518768310547,2,gustav
1772894614.6201484,-0.8905029296875,-0.78076171875,-0.5159912109375,9.21630859375,96.00829315185547,-118.65233612060547,2,gustav
1772894614.6201484,-0.9190673828125,-0.7025146484375,-0.3619384765625,9.1552734375,85.93749237060547,-115.60057830810547,2,gustav
1772894614.6201484,-0.888671875,-0.6396484375,-0.36083984375,-3.112792730331421,71.1669921875,-97.77831268310547,2,gustav
1772894614.7423854,-0.979248046875,-0.5616455078125,-0.318115234375,-13.366698265075684,71.47216796875,-92.52928924560547,2,gustav
1772894614.7423854,-1.021728515625,-0.37255859375,-0.1976318359375,-5.676269054412842,51.330562591552734,-73.73046875,2,gustav
1772894614.7956,-1.0162353515625,-0.3770751953125,-0.1278076171875,11.474608421325684,38.63525390625,-54.260250091552734,2,gustav
1772894614.863167,-0.9791259765625,-0.3817138671875,-0.1605224609375,26.794431686401367,20.324705123901367,-30.578611373901367,2,gustav
1772894614.863167,-0.98046875,-0.39697265625,-0.1292724609375,38.2080078125,4.39453125,1.5258787870407104,2,gustav
1772894614.863167,-0.990234375,-0.5025634765625,-0.1614990234375,-6.835937023162842,-10.009765625,16.2353515625,2,gustav
1772894614.863167,-1.015625,-0.5009765625,-0.21630859375,-3.479003667831421,-30.395505905151367,48.461910247802734,2,gustav
1772894614.923524,-1.0211181640625,-0.4835205078125,-0.2232666015625,-15.808104515075684,-47.241207122802734,68.7255859375,2,gustav
1772894614.983478,-1.0709228515625,-0.4873046875,-0.293212890625,-8.36181640625,-63.659664154052734,89.84374237060547,2,gustav
1772894615.1040294,-1.03759765625,-0.54443359375,-0.307373046875,-11.718749046325684,-79.04052734375,104.49217987060547,2,gustav
1772894615.1040294,-1.0228271484375,-0.575927734375,-0.3111572265625,-14.953612327575684,-93.93309783935547,119.99510955810547,2,gustav
1772894615.1040294,-0.9893798828125,-0.6551513671875,-0.39599609375,-12.573241233825684,-108.64257049560547,133.30078125,2,gustav
1772894615.1074421,-0.94384765625,-0.697998046875,-0.386962890625,-16.6015625,-118.10301971435547,142.76123046875,2,gustav
1772894615.1623967,-0.87744140625,-0.7962646484375,-0.4864501953125,-1.8310545682907104,-129.7607421875,150.32958984375,2,gustav
1772894615.2237127,-0.7747802734375,-0.7811279296875,-0.4635009765625,1.0986328125,-135.8642578125,150.87890625,2,gustav
1772894615.224716,-0.7042236328125,-0.824951171875,-0.4893798828125,15.258788108825684,-139.16015625,156.92138671875,2,gustav
1772894615.3428705,-0.53662109375,-0.869873046875,-0.457275390625,-0.4882812201976776,-137.451171875,156.982421875,2,gustav
1772894615.4621682,-0.4759521484375,-0.916259765625,-0.5081787109375,0.8544921278953552,-135.80322265625,159.85107421875,2,gustav
1772894615.4621682,-0.2261962890625,-0.830078125,-0.418212890625,-14.221190452575684,-131.2255859375,163.94041442871094,2,gustav
1772894615.4621682,-0.164794921875,-0.8597412109375,-0.442626953125,-12.756346702575684,-129.0283203125,162.17039489746094,2,gustav
1772894615.4621682,0.0269775390625,-0.82470703125,-0.4794921875,-7.690429210662842,-125.61034393310547,158.5693359375,2,gustav
1772894615.5200143,0.2679443359375,-0.5921630859375,-0.3348388671875,4.33349609375,-102.84423065185547,139.892578125,2,gustav
1772894615.5767508,0.3951416015625,-0.5772705078125,-0.263916015625,-8.23974609375,-85.26610565185547,122.13134002685547,2,gustav
1772894615.5767508,0.524658203125,-0.4317626953125,-0.187255859375,8.97216796875,-67.3828125,103.14940643310547,2,gustav
1772894615.703541,0.6322021484375,-0.4134521484375,-0.125,3.662109136581421,-54.748531341552734,80.01708984375,2,gustav
1772894615.703541,0.7054443359375,-0.4246826171875,-0.15185546875,15.624999046325684,-42.297359466552734,53.222652435302734,2,gustav
1772894615.703541,0.7359619140625,-0.316650390625,-0.0443115234375,6.347655773162842,-19.71435546875,27.587888717651367,2,gustav
1772894615.7631106,0.768798828125,-0.310791015625,0.0045166015625,-11.474608421325684,2.807616949081421,-6.286620616912842,2,gustav
1772894615.8214326,0.725830078125,-0.380859375,-0.0802001953125,-3.173827886581421,23.132322311401367,-34.60693359375,2,gustav
1772894615.8214326,0.72705078125,-0.3563232421875,-0.0670166015625,-3.417968511581421,43.518062591552734,-60.546871185302734,2,gustav
1772894615.8851712,0.6343994140625,-0.4859619140625,-0.2506103515625,5.798339366912842,56.884761810302734,-85.75438690185547,2,gustav
1772894615.937313,0.572998046875,-0.49169921875,-0.1861572265625,2.25830078125,70.49560546875,-104.43114471435547,2,gustav
1772894615.937313,0.446044921875,-0.626220703125,-0.310791015625,-3.967284917831421,81.11571502685547,-115.66161346435547,2,gustav
1772894615.9977727,0.38330078125,-0.6849365234375,-0.3486328125,-6.469726085662842,86.30370330810547,-120.60546112060547,2,gustav
1772894616.0616562,0.286865234375,-0.716064453125,-0.302978515625,-34.5458984375,94.78759002685547,-128.72314453125,2,gustav
1772894616.1231928,0.10107421875,-0.8402099609375,-0.40283203125,-29.846189498901367,94.66551971435547,-128.0517578125,2,gustav
1772894616.3647404,0.10888671875,-0.794189453125,-0.383544921875,-56.152339935302734,98.32762908935547,-133.60595703125,2,gustav
1772894616.3647404,-0.17529296875,-0.970703125,-0.5499267578125,-7.934569835662842,85.08300018310547,-139.83154296875,2,gustav
1772894616.3660278,-0.1693115234375,-0.8369140625,-0.3619384765625,-1.220703125,92.34618377685547,-137.63427734375,2,gustav
1772894616.3660278,-0.384521484375,-1.051025390625,-0.5924072265625,35.888671875,83.31298065185547,-141.4794921875,2,gustav
1772894616.3660278,-0.53271484375,-0.758056640625,-0.2598876953125,-13.793944358825684,93.81102752685547,-119.81200408935547,2,gustav
1772894616.5426142,-0.7362060546875,-0.6658935546875,-0.1275634765625,-17.08984375,88.13475799560547,-118.10301971435547,2,gustav
1772894616.7226002,-0.822998046875,-0.83740234375,-0.5628662109375,3.234863042831421,73.1201171875,-125.79344940185547,2,gustav
1772894616.9025507,-0.790771484375,-0.65087890625,-0.244873046875,20.01953125,76.96533203125,-114.50194549560547,2,gustav
1772894616.904797,-0.9588623046875,-0.666748046875,-0.30810546875,10.498045921325684,69.2138671875,-114.01366424560547,2,gustav
1772894616.904797,-0.9482421875,-0.605224609375,-0.238037109375,9.033203125,64.453125,-97.71727752685547,2,gustav
1772894616.9070559,-0.97021484375,-0.408447265625,-0.1788330078125,7.019042491912842,39.4287109375,-68.2373046875,2,gustav
1772894617.0840142,-0.9830322265625,-0.34130859375,-0.293701171875,39.61181640625,-11.169432640075684,1.8310545682907104,2,gustav
1772894617.0840142,-1.00244140625,-0.5242919921875,-0.3203125,-23.986814498901367,-57.373043060302734,89.05028533935547,2,gustav
1772894617.0840142,-1.00927734375,-0.635009765625,-0.32470703125,-17.51708984375,-73.8525390625,111.14501190185547,2,gustav
1772894617.0840142,-0.95068359375,-0.62451171875,-0.3656005859375,-10.437010765075684,-89.11132049560547,123.65721893310547,2,gustav
1772894617.1405609,-0.874267578125,-0.7413330078125,-0.444091796875,-12.817381858825684,-99.91454315185547,131.28662109375,2,gustav
1772894617.2037396,-0.8099365234375,-0.7120361328125,-0.43701171875,-6.286620616912842,-105.40770721435547,134.09423828125,2,gustav
1772894617.2037396,-0.7332763671875,-0.7789306640625,-0.4427490234375,3.845214605331421,-109.68016815185547,135.1318359375,2,gustav
1772894617.2602153,-0.63818359375,-0.770263671875,-0.47607421875,11.108397483825684,-114.56298065185547,135.986328125,2,gustav
1772894617.3749561,-0.53466796875,-0.81689453125,-0.4541015625,20.141599655151367,-117.91991424560547,133.48388671875,2,gustav
1772894617.3749561,-0.453369140625,-0.8599853515625,-0.52001953125,16.9677734375,-118.77440643310547,133.48388671875,2,gustav
1772894617.3851206,-0.3150634765625,-0.8353271484375,-0.4896240234375,11.230467796325684,-117.79784393310547,131.89697265625,2,gustav
1772894617.4426606,-0.06884765625,-0.819580078125,-0.546142578125,10.620116233825684,-117.85887908935547,128.7841796875,2,gustav
1772894617.4993675,0.0498046875,-0.767333984375,-0.4935302734375,11.047362327575684,-115.78368377685547,123.22997283935547,2,gustav
1772894617.4993675,0.1663818359375,-0.7880859375,-0.455322265625,-5.798339366912842,-107.48290252685547,115.96678924560547,2,gustav
1772894617.5573525,0.244140625,-0.713134765625,-0.422119140625,-9.70458984375,-97.41210174560547,110.59569549560547,2,gustav
1772894617.6226168,0.38720703125,-0.61376953125,-0.381103515625,2.197265625,-92.16307830810547,103.51561737060547,2,gustav
1772894617.6796777,0.4871826171875,-0.61279296875,-0.310546875,26.184080123901367,-86.66991424560547,100.21971893310547,2,gustav
1772894617.7388835,0.5859375,-0.5518798828125,-0.289306640625,22.766111373901367,-79.345703125,91.43065643310547,2,gustav
1772894617.7981114,0.6588134765625,-0.4658203125,-0.2298583984375,11.535643577575684,-71.533203125,79.345703125,2,gustav
1772894617.7981114,0.6668701171875,-0.41552734375,-0.1182861328125,-21.362302780151367,-48.461910247802734,56.823726654052734,2,gustav
1772894617.7981114,0.755859375,-0.269775390625,-0.1300048828125,-27.709959030151367,-29.907224655151367,31.372068405151367,2,gustav
1772894617.9185073,0.7474365234375,-0.296630859375,-0.031005859375,-21.667478561401367,-12.329100608825684,7.812499523162842,2,gustav
1772894617.9185073,0.741943359375,-0.353515625,-0.1627197265625,0.7324218153953552,10.009765625,-18.4326171875,2,gustav
1772894617.9185073,0.728515625,-0.3831787109375,-0.11376953125,13.916014671325684,31.372068405151367,-41.687007904052734,2,gustav
1772894617.9801397,0.69580078125,-0.473388671875,-0.1361083984375,8.544921875,50.659175872802734,-59.082027435302734,2,gustav
1772894618.037403,0.6448974609375,-0.539794921875,-0.2142333984375,-16.845703125,66.58935546875,-78.125,2,gustav
1772894618.037403,0.551025390625,-0.574462890625,-0.1505126953125,-41.809078216552734,84.89989471435547,-89.90477752685547,2,gustav
1772894618.103756,0.494384765625,-0.593017578125,-0.444091796875,-50.170894622802734,85.02196502685547,-103.82079315185547,2,gustav
1772894618.103756,0.3740234375,-0.7413330078125,-0.2896728515625,-28.076169967651367,91.79686737060547,-111.02294158935547,2,gustav
1772894618.1604319,0.3536376953125,-0.664794921875,-0.402587890625,-6.652831554412842,90.75926971435547,-127.25829315185547,2,gustav
1772894618.2236667,0.11767578125,-0.8443603515625,-0.4644775390625,11.718749046325684,98.99901580810547,-128.35693359375,2,gustav
1772894618.2236667,0.07568359375,-0.76513671875,-0.2928466796875,5.920409679412842,107.17772674560547,-134.33837890625,2,gustav
1772894618.279171,-0.101318359375,-0.8572998046875,-0.533935546875,-9.21630859375,108.09325408935547,-133.60595703125,2,gustav
1772894618.344518,-0.114990234375,-0.760498046875,-0.2545166015625,-10.131834983825684,110.22948455810547,-130.7373046875,2,gustav
1772894618.344518,-0.3095703125,-1.0006103515625,-0.76953125,-11.230467796325684,97.83934783935547,-149.47509765625,2,gustav
1772894618.4055152,-0.50927734375,-0.776123046875,-0.0611572265625,-26.550291061401367,111.93846893310547,-134.033203125,2,gustav
1772894618.46417,-0.51806640625,-0.941162109375,-0.8079833984375,10.559081077575684,91.43065643310547,-136.65771484375,2,gustav
1772894618.46417,-0.6878662109375,-0.8375244140625,-0.3045654296875,22.216794967651367,96.80175018310547,-131.8359375,2,gustav
1772894618.5836463,-0.6981201171875,-0.833251953125,-0.5693359375,17.333984375,91.00341033935547,-126.15966033935547,2,gustav
1772894618.584786,-0.877685546875,-0.7886962890625,-0.34619140625,-6.103515148162842,89.35546112060547,-111.75536346435547,2,gustav
1772894618.584786,-0.7137451171875,-0.7264404296875,-0.44873046875,-19.83642578125,82.64159393310547,-106.20116424560547,2,gustav
1772894618.6407418,-0.9058837890625,-0.7054443359375,-0.3555908203125,-26.123044967651367,76.66015625,-114.44091033935547,2,gustav
1772894618.6407418,-0.873779296875,-0.516845703125,-0.18798828125,-6.958007335662842,68.05419921875,-97.41210174560547,2,gustav
1772894618.763205,-0.951904296875,-0.6243896484375,-0.335693359375,26.123044967651367,55.908199310302734,-96.74071502685547,2,gustav
1772894618.883563,-0.93408203125,-0.439208984375,-0.173828125,18.49365234375,54.870601654052734,-97.47313690185547,2,gustav
1772894619.0025468,-1.017822265625,-0.47802734375,-0.0848388671875,-10.925292015075684,50.354000091552734,-87.15819549560547,2,gustav
1772894619.0025468,-0.9921875,-0.6162109375,-0.25341796875,-36.56005859375,47.729488372802734,-68.17626953125,2,gustav
1772894619.0025468,-1.0087890625,-0.4193115234375,-0.09765625,-47.363277435302734,28.015134811401367,-44.189449310302734,2,gustav
1772894619.0079086,-0.9891357421875,-0.5194091796875,-0.1845703125,17.51708984375,-10.986327171325684,14.770506858825684,2,gustav
1772894619.182729,-1.0006103515625,-0.5240478515625,-0.269287109375,26.123044967651367,-54.077144622802734,84.04540252685547,2,gustav
1772894619.182729,-1.0062255859375,-0.6175537109375,-0.394287109375,33.5693359375,-74.27978515625,109.61913299560547,2,gustav
1772894619.184767,-0.98046875,-0.7528076171875,-0.373779296875,29.357908248901367,-95.33690643310547,127.50243377685547,2,gustav
1772894619.184767,-0.9912109375,-0.7733154296875,-0.490234375,6.164550304412842,-112.36571502685547,140.9912109375,2,gustav
1772894619.3025415,-0.947265625,-0.8370361328125,-0.4256591796875,-26.367185592651367,-120.72753143310547,156.25,2,gustav
1772894619.3025415,-0.8138427734375,-0.8150634765625,-0.5294189453125,-21.850584030151367,-131.89697265625,161.43797302246094,2,gustav
1772894619.3025415,-0.7452392578125,-0.76708984375,-0.4329833984375,-7.873534679412842,-129.2724609375,167.90769958496094,2,gustav
1772894619.4238262,-0.6572265625,-0.8236083984375,-0.486328125,2.44140625,-131.7138671875,167.29734802246094,2,gustav
1772894619.4238262,-0.513916015625,-0.8458251953125,-0.4373779296875,3.479003667831421,-130.859375,165.58836364746094,2,gustav
1772894619.4238262,-0.372314453125,-0.807373046875,-0.4180908203125,1.5869139432907104,-126.95311737060547,160.0341796875,2,gustav
1772894619.4761379,-0.2203369140625,-0.8140869140625,-0.4991455078125,5.432128429412842,-124.38964080810547,157.40966796875,2,gustav
1772894619.4761379,-0.0260009765625,-0.826904296875,-0.4134521484375,1.7700194120407104,-120.48339080810547,150.81787109375,2,gustav
1772894619.540805,0.0892333984375,-0.7425537109375,-0.422119140625,-7.324218273162842,-112.30467987060547,145.32470703125,2,gustav
1772894619.6040897,0.246337890625,-0.6873779296875,-0.3675537109375,0.1831054538488388,-106.07909393310547,136.962890625,2,gustav
1772894619.6040897,0.346435546875,-0.6396484375,-0.29052734375,16.357421875,-98.14452362060547,129.5166015625,2,gustav
1772894619.6578038,0.4781494140625,-0.587646484375,-0.28515625,19.59228515625,-89.59960174560547,118.16405487060547,2,gustav
1772894619.7235994,0.585205078125,-0.5169677734375,-0.2288818359375,18.1884765625,-83.74022674560547,104.79735565185547,2,gustav
1772894619.8437388,0.6446533203125,-0.3963623046875,-0.0635986328125,-1.8310545682907104,-68.2373046875,86.12059783935547,2,gustav
1772894619.8437388,0.737548828125,-0.35400390625,-0.0977783203125,-15.380858421325684,-52.368160247802734,63.415523529052734,2,gustav
1772894619.8437388,0.7718505859375,-0.265380859375,0.016357421875,-17.76123046875,-28.137205123901367,32.8369140625,2,gustav
1772894619.84559,0.7911376953125,-0.21142578125,-0.04736328125,-18.798828125,-3.662109136581421,-3.967284917831421,2,gustav
1772894619.9044137,0.7760009765625,-0.2313232421875,0.0406494140625,-3.662109136581421,23.925779342651367,-35.400390625,2,gustav
1772894619.9633055,0.73193359375,-0.363525390625,-0.09033203125,16.357421875,43.884273529052734,-62.194820404052734,2,gustav
1772894619.9633055,0.7042236328125,-0.461669921875,-0.093994140625,17.7001953125,59.387203216552734,-81.23778533935547,2,gustav
1772894620.0197022,0.614013671875,-0.54931640625,-0.1832275390625,-9.033203125,73.974609375,-93.62792205810547,2,gustav
1772894620.083995,0.5460205078125,-0.5947265625,-0.197509765625,-32.71484375,86.66991424560547,-107.42186737060547,2,gustav
1772894620.0848777,0.4385986328125,-0.6634521484375,-0.333984375,-38.57421875,89.29442596435547,-115.41747283935547,2,gustav
1772894620.14322,0.3521728515625,-0.741455078125,-0.265869140625,-34.423828125,94.23827362060547,-126.64794158935547,2,gustav
1772894620.2013805,0.20849609375,-0.795166015625,-0.465576171875,-7.446288585662842,94.84862518310547,-125.18309783935547,2,gustav
1772894620.259565,0.148681640625,-0.939208984375,-0.37158203125,-10.192870140075684,102.66112518310547,-111.51122283935547,2,gustav
1772894620.259565,0.0645751953125,-0.9490966796875,-0.528076171875,-7.446288585662842,94.29930877685547,-105.83495330810547,2,gustav
1772894620.2680335,0.0269775390625,-0.9525146484375,-0.3330078125,1.8310545682907104,91.12548065185547,-100.64696502685547,2,gustav
1772894620.382278,-0.0631103515625,-0.8875732421875,-0.562255859375,7.202147960662842,81.60399627685547,-105.83495330810547,2,gustav
1772894620.440737,-0.2509765625,-0.9912109375,-0.3419189453125,-0.6103515625,84.35057830810547,-108.52050018310547,2,gustav
1772894620.4985712,-0.26025390625,-0.91015625,-0.5047607421875,-15.624999046325684,86.54784393310547,-98.26659393310547,2,gustav
1772894620.4985712,-0.30322265625,-0.87890625,-0.376220703125,-22.888181686401367,81.90917205810547,-107.05565643310547,2,gustav
1772894620.4985712,-0.438720703125,-0.8394775390625,-0.441162109375,-13.610838890075684,79.16259765625,-103.45458221435547,2,gustav
1772894620.4985712,-0.5263671875,-0.84228515625,-0.3782958984375,15.014647483825684,75.50048828125,-103.27147674560547,2,gustav
1772894620.560315,-0.5858154296875,-0.843017578125,-0.468017578125,18.85986328125,76.11083984375,-105.52977752685547,2,gustav
1772894620.8644521,-0.6240234375,-0.786865234375,-0.2607421875,12.451170921325684,79.4677734375,-103.02733612060547,2,gustav
1772894621.042822,-0.7093505859375,-0.8131103515625,-0.3929443359375,-1.03759765625,75.8056640625,-104.24803924560547,2,gustav
1772894621.042822,-0.7650146484375,-0.6961669921875,-0.2821044921875,-12.145995140075684,69.27490234375,-104.98046112060547,2,gustav
1772894621.042822,-0.8023681640625,-0.7210693359375,-0.345947265625,-18.06640625,66.95556640625,-109.00878143310547,2,gustav
1772894621.0462346,-0.994873046875,-0.5843505859375,-0.2581787109375,24.291990280151367,46.386714935302734,-91.06444549560547,2,gustav
1772894621.0462346,-0.9412841796875,-0.4119873046875,-0.1575927734375,6.713866710662842,5.554198741912842,-17.15087890625,2,gustav
1772894621.0983744,-0.9371337890625,-0.382568359375,-0.1600341796875,19.1650390625,-10.864256858825684,10.986327171325684,2,gustav
1772894621.163277,-0.9554443359375,-0.428466796875,-0.2003173828125,9.1552734375,-21.484373092651367,28.198240280151367,2,gustav
1772894621.220986,-1.0177001953125,-0.5146484375,-0.254150390625,9.21630859375,-35.58349609375,51.086421966552734,2,gustav
1772894621.220986,-1.0233154296875,-0.5538330078125,-0.27880859375,-9.82666015625,-51.086421966552734,73.974609375,2,gustav
1772894621.4629736,-1.0242919921875,-0.663330078125,-0.367431640625,-12.207030296325684,-70.25146484375,97.71727752685547,2,gustav
1772894621.5238647,-0.972412109375,-0.6788330078125,-0.348876953125,-23.803709030151367,-84.10643768310547,124.38964080810547,2,gustav
1772894621.5238647,-0.951171875,-0.771240234375,-0.426025390625,-18.4326171875,-96.86278533935547,136.04736328125,2,gustav
1772894621.5238647,-0.851806640625,-0.736572265625,-0.3980712890625,-18.73779296875,-104.85839080810547,148.681640625,2,gustav
1772894621.5814154,-0.6390380859375,-0.77001953125,-0.446044921875,25.390623092651367,-116.14989471435547,156.55517578125,2,gustav
1772894621.5814154,-0.3902587890625,-0.85009765625,-0.457275390625,30.273435592651367,-122.61962127685547,149.71923828125,2,gustav
1772894621.7041736,-0.283447265625,-0.822265625,-0.443603515625,0.7934569716453552,-123.41307830810547,150.146484375,2,gustav
1772894621.7041736,-0.192138671875,-0.9888916015625,-0.592529296875,-2.197265625,-126.15966033935547,153.9306640625,2,gustav
1772894621.7041736,-0.0087890625,-0.806884765625,-0.4478759765625,7.263183116912842,-123.29100799560547,165.34422302246094,2,gustav
1772894621.7625422,0.2373046875,-0.7659912109375,-0.5128173828125,30.578611373901367,-136.962890625,159.11865234375,2,gustav
1772894621.7625422,0.2159423828125,-0.571533203125,-0.318603515625,16.05224609375,-120.11717987060547,138.00048828125,2,gustav
1772894621.8233733,0.3770751953125,-0.5081787109375,-0.2557373046875,23.376462936401367,-104.67528533935547,113.46434783935547,2,gustav
1772894621.884379,0.544677734375,-0.4154052734375,-0.204833984375,20.080564498901367,-84.83885955810547,93.56688690185547,2,gustav
1772894621.884379,0.6373291015625,-0.3629150390625,-0.10546875,2.0751953125,-64.88037109375,71.2890625,2,gustav
1772894621.940294,0.7205810546875,-0.39111328125,-0.2381591796875,8.7890625,-56.640621185302734,58.349605560302734,2,gustav
1772894622.0628655,0.742431640625,-0.3133544921875,-0.0694580078125,-6.286620616912842,-36.56005859375,38.51318359375,2,gustav
1772894622.0628655,0.7943115234375,-0.257080078125,-0.1126708984375,-0.7934569716453552,-18.73779296875,8.85009765625,2,gustav
1772894622.0656245,0.780517578125,-0.3795166015625,-0.0576171875,-11.352538108825684,8.30078125,-18.73779296875,2,gustav
1772894622.1218355,0.7626953125,-0.359375,-0.0264892578125,-7.080077648162842,38.0859375,-44.250484466552734,2,gustav
1772894622.1778703,0.7218017578125,-0.41015625,-0.1463623046875,-5.065917491912842,52.185054779052734,-66.162109375,2,gustav
1772894622.1778703,0.6478271484375,-0.519287109375,-0.1695556640625,-6.530761241912842,67.626953125,-81.66503143310547,2,gustav
1772894622.244266,0.6141357421875,-0.525390625,-0.2806396484375,-11.657713890075684,74.0966796875,-91.00341033935547,2,gustav
1772894622.244266,0.51318359375,-0.6744384765625,-0.37548828125,-18.49365234375,81.23778533935547,-97.90038299560547,2,gustav
1772894622.3039267,0.462158203125,-0.6304931640625,-0.2835693359375,-24.963376998901367,86.79198455810547,-104.00389862060547,2,gustav
1772894622.362254,0.3148193359375,-0.8045654296875,-0.5380859375,-13.916014671325684,83.67919158935547,-115.11229705810547,2,gustav
1772894622.362254,0.242919921875,-0.7578125,-0.3818359375,-9.46044921875,84.77782440185547,-109.00878143310547,2,gustav
1772894622.4214907,0.1942138671875,-0.77734375,-0.58642578125,-15.380858421325684,83.25194549560547,-115.53954315185547,2,gustav
1772894622.4821427,0.0303955078125,-1.0113525390625,-0.4693603515625,2.13623046875,82.88573455810547,-108.03221893310547,2,gustav
1772894622.6037648,0.0452880859375,-0.806396484375,-0.4627685546875,4.8828125,85.69335174560547,-103.88182830810547,2,gustav
1772894622.6037648,-0.1820068359375,-1.051025390625,-0.54833984375,21.911619186401367,84.22850799560547,-107.91014862060547,2,gustav
1772894622.6037648,-0.169921875,-0.862060546875,-0.415771484375,18.798828125,88.13475799560547,-94.05516815185547,2,gustav
1772894622.7237632,-0.273193359375,-0.8076171875,-0.413818359375,2.563476324081421,91.06444549560547,-93.07860565185547,2,gustav
1772894622.7237632,-0.482421875,-0.8577880859375,-0.556396484375,-4.45556640625,87.34130096435547,-99.42626190185547,2,gustav
1772894622.7237632,-0.5130615234375,-0.700927734375,-0.3753662109375,-10.192870140075684,90.69823455810547,-93.93309783935547,2,gustav
1772894622.7823255,-0.5550537109375,-0.7691650390625,-0.53369140625,-7.263183116912842,86.91405487060547,-104.24803924560547,2,gustav
1772894622.7823255,-0.7152099609375,-0.7476806640625,-0.442626953125,11.291502952575684,82.15331268310547,-104.55321502685547,2,gustav
1772894622.9036183,-0.630615234375,-0.5704345703125,-0.4556884765625,15.991209983825684,79.16259765625,-113.28124237060547,2,gustav
1772894622.9620469,-0.8419189453125,-0.817626953125,-0.4599609375,13.610838890075684,77.0263671875,-110.71776580810547,2,gustav
1772894622.9620469,-0.78125,-0.5029296875,-0.3245849609375,6.652831554412842,74.40185546875,-97.10692596435547,2,gustav
1772894622.9620469,-0.8909912109375,-0.6826171875,-0.4061279296875,-12.878417015075684,69.9462890625,-109.00878143310547,2,gustav
1772894623.079034,-1.0155029296875,-0.6192626953125,-0.3343505859375,-10.620116233825684,62.133785247802734,-97.04589080810547,2,gustav
1772894623.1369874,-0.9273681640625,-0.428955078125,-0.2176513671875,-26.794431686401367,55.786128997802734,-90.39305877685547,2,gustav
1772894623.1369874,-1.0023193359375,-0.575927734375,-0.333251953125,-7.507323741912842,45.471187591552734,-78.0029296875,2,gustav
1772894623.1369874,-0.9686279296875,-0.392578125,-0.1351318359375,11.413573265075684,39.6728515625,-58.898921966552734,2,gustav
1772894623.1450827,-0.9708251953125,-0.5240478515625,-0.3330078125,3.051757574081421,15.380858421325684,-48.278804779052734,2,gustav
1772894623.26245,-0.9603271484375,-0.4202880859375,-0.1527099609375,30.456541061401367,14.709471702575684,-21.362302780151367,2,gustav
1772894623.3851364,-0.966064453125,-0.4190673828125,-0.231689453125,-9.46044921875,-0.7934569716453552,-3.662109136581421,2,gustav
1772894623.503782,-0.9725341796875,-0.492431640625,-0.224365234375,-18.61572265625,-13.305663108825684,22.583005905151367,2,gustav
1772894623.6226041,-0.98876953125,-0.4813232421875,-0.2786865234375,-15.686034202575684,-29.235837936401367,44.311519622802734,2,gustav
1772894623.6226041,-1.005615234375,-0.500732421875,-0.287109375,1.8310545682907104,-45.410152435302734,66.40625,2,gustav
1772894623.6226041,-0.9451904296875,-0.6243896484375,-0.3607177734375,10.864256858825684,-76.96533203125,109.31395721435547,2,gustav
1772894623.6273365,-0.837890625,-0.646728515625,-0.41455078125,-10.437010765075684,-92.40721893310547,124.32860565185547,2,gustav
1772894623.6822524,-0.6932373046875,-0.7288818359375,-0.466552734375,7.690429210662842,-101.37938690185547,135.43701171875,2,gustav
1772894623.8058348,-0.5899658203125,-0.8411865234375,-0.505126953125,-13.671874046325684,-104.18700408935547,141.11328125,2,gustav
1772894623.8058348,-0.4161376953125,-0.7896728515625,-0.487060546875,-24.719236373901367,-104.49217987060547,143.73779296875,2,gustav
1772894623.8618147,-0.384033203125,-0.876708984375,-0.566162109375,-13.488768577575684,-104.37010955810547,143.12744140625,2,gustav
1772894623.8618147,-0.1966552734375,-0.7965087890625,-0.4951171875,1.6479490995407104,-102.84423065185547,142.2119140625,2,gustav
1772894623.8618147,-0.1971435546875,-0.8653564453125,-0.5362548828125,17.822265625,-103.14940643310547,141.29638671875,2,gustav
1772894623.9197705,0.112060546875,-0.7646484375,-0.501220703125,12.939452171325684,-104.67528533935547,139.404296875,2,gustav
1772894623.9197705,0.1019287109375,-0.8138427734375,-0.4891357421875,4.2724609375,-101.80663299560547,128.84521484375,2,gustav
1772894623.9821887,0.2847900390625,-0.6326904296875,-0.36865234375,-7.263183116912842,-97.59520721435547,120.66649627685547,2,gustav
1772894624.0407732,0.3577880859375,-0.63427734375,-0.3863525390625,6.774901866912842,-91.55272674560547,111.57225799560547,2,gustav
1772894624.0407732,0.4879150390625,-0.5692138671875,-0.32568359375,20.263669967651367,-88.98925018310547,106.07909393310547,2,gustav
1772894624.1042,0.589599609375,-0.590576171875,-0.3350830078125,30.944822311401367,-87.89061737060547,97.59520721435547,2,gustav
1772894624.1629794,0.647216796875,-0.4384765625,-0.2061767578125,25.878904342651367,-78.7353515625,83.98436737060547,2,gustav
1772894624.1629794,0.720458984375,-0.3814697265625,-0.152587890625,16.7236328125,-64.14794921875,64.88037109375,2,gustav
1772894624.2214842,0.748291015625,-0.30615234375,-0.0677490234375,1.8920897245407104,-44.189449310302734,35.400390625,2,gustav
1772894624.2829726,0.763427734375,-0.2630615234375,0.0108642578125,-8.85009765625,-12.390135765075684,5.920409679412842,2,gustav
1772894624.2829726,0.7369384765625,-0.2659912109375,-0.047119140625,-10.498045921325684,17.15087890625,-32.1044921875,2,gustav
1772894624.340384,0.728759765625,-0.3709716796875,-0.12158203125,4.5166015625,37.9638671875,-54.687496185302734,2,gustav
1772894624.4042776,0.693603515625,-0.4581298828125,-0.137451171875,0.54931640625,55.297847747802734,-69.88525390625,2,gustav
1772894624.4042776,0.6553955078125,-0.5406494140625,-0.29736328125,4.0283203125,63.171382904052734,-80.13916015625,2,gustav
1772894624.5241013,0.6171875,-0.565185546875,-0.178466796875,-11.413573265075684,75.37841796875,-88.37889862060547,2,gustav
1772894624.6302319,0.4774169921875,-0.65625,-0.3865966796875,-31.982419967651367,82.45848846435547,-99.73143768310547,2,gustav
1772894624.7026162,0.428955078125,-0.727294921875,-0.3814697265625,-36.4990234375,86.60887908935547,-102.17284393310547,2,gustav
1772894624.7026162,0.328125,-0.731201171875,-0.37451171875,-41.809078216552734,87.28026580810547,-120.17821502685547,2,gustav
1772894624.764047,0.1597900390625,-0.8818359375,-0.565185546875,-5.676269054412842,83.49608612060547,-116.02782440185547,2,gustav
1772894624.8235555,-0.0457763671875,-0.9332275390625,-0.654541015625,29.785154342651367,80.99364471435547,-114.19676971435547,2,gustav
1772894624.8235555,-0.0421142578125,-0.8900146484375,-0.5283203125,16.78466796875,85.14403533935547,-110.10741424560547,2,gustav
1772894624.8847582,-0.18017578125,-0.9012451171875,-0.607666015625,16.845703125,82.76366424560547,-108.88671112060547,2,gustav
1772894624.8847582,-0.198486328125,-0.7789306640625,-0.3721923828125,-14.587401390075684,91.85790252685547,-107.42186737060547,2,gustav
1772894624.8847582,-0.5401611328125,-0.99609375,-0.6160888671875,-41.625972747802734,86.97509002685547,-111.99950408935547,2,gustav
1772894624.8858216,-0.332763671875,-0.7110595703125,-0.2994384765625,-13.793944358825684,88.19579315185547,-95.94725799560547,2,gustav
1772894624.94333,-0.549072265625,-0.955322265625,-0.6011962890625,12.268065452575684,79.04052734375,-112.60985565185547,2,gustav
1772894625.0042639,-0.6429443359375,-0.786376953125,-0.3538818359375,24.108884811401367,80.078125,-106.75048065185547,2,gustav
1772894625.0042639,-0.6204833984375,-0.7725830078125,-0.458251953125,-0.54931640625,77.1484375,-108.03221893310547,2,gustav
1772894625.0629234,-0.7694091796875,-0.798583984375,-0.3553466796875,-11.108397483825684,79.4677734375,-105.22460174560547,2,gustav
1772894625.1216848,-0.7227783203125,-0.5582275390625,-0.364501953125,-12.023924827575684,71.96044921875,-106.32323455810547,2,gustav
1772894625.1216848,-0.8238525390625,-0.687744140625,-0.296142578125,-9.70458984375,69.7021484375,-111.75536346435547,2,gustav
1772894625.1827607,-0.948486328125,-0.5242919921875,-0.290283203125,6.774901866912842,61.462398529052734,-99.36522674560547,2,gustav
1772894625.2426562,-0.95556640625,-0.56494140625,-0.3153076171875,17.63916015625,55.541988372802734,-99.30419158935547,2,gustav
1772894625.2426562,-0.9761962890625,-0.553955078125,-0.28857421875,31.677244186401367,49.499507904052734,-82.58055877685547,2,gustav
1772894625.301148,-0.9696044921875,-0.509765625,-0.21044921875,18.00537109375,48.095699310302734,-69.2138671875,2,gustav
1772894625.541533,-0.993408203125,-0.45458984375,-0.181640625,1.7089842557907104,46.386714935302734,-67.9931640625,2,gustav
1772894625.541533,-0.986572265625,-0.4189453125,-0.1842041015625,-14.953612327575684,40.405269622802734,-59.753414154052734,2,gustav
1772894625.541533,-0.96142578125,-0.17578125,-0.0751953125,0.6103515625,31.066892623901367,-50.109859466552734,2,gustav
1772894625.541533,-0.9986572265625,-0.385009765625,-0.2103271484375,9.1552734375,14.831542015075684,-20.446775436401367,2,gustav
1772894625.6038756,-1.0377197265625,-0.5706787109375,-0.337158203125,13.000487327575684,-54.016109466552734,68.54248046875,2,gustav
1772894625.6038756,-1.052001953125,-0.6273193359375,-0.3828125,1.6479490995407104,-75.0732421875,100.58592987060547,2,gustav
1772894625.784832,-1.0419921875,-0.588623046875,-0.408935546875,-21.057126998901367,-90.94237518310547,125.42723846435547,2,gustav
1772894625.8404279,-1.0010986328125,-0.705810546875,-0.4342041015625,-26.794431686401367,-105.46874237060547,148.0712890625,2,gustav
1772894625.8404279,-0.976806640625,-0.685302734375,-0.4530029296875,-31.249998092651367,-113.52538299560547,150.32958984375,2,gustav
1772894625.8404279,-0.940185546875,-0.6953125,-0.4476318359375,-32.65380859375,-120.72753143310547,156.73828125,2,gustav
1772894625.8404279,-0.8555908203125,-0.736572265625,-0.4613037109375,-13.244627952575684,-127.01415252685547,164.61180114746094,2,gustav
1772894625.9023435,-0.63134765625,-0.8111572265625,-0.510986328125,-2.50244140625,-130.7373046875,164.30662536621094,2,gustav
1772894625.9051142,-0.5645751953125,-0.76708984375,-0.4251708984375,2.990722417831421,-129.08935546875,163.51316833496094,2,gustav
1772894625.9636428,-0.468505859375,-0.8878173828125,-0.5947265625,14.221190452575684,-129.08935546875,164.06248474121094,2,gustav
1772894626.0704663,-0.10009765625,-0.8726806640625,-0.5184326171875,7.873534679412842,-131.9580078125,161.80418395996094,2,gustav
1772894626.0704663,-0.0465087890625,-0.79296875,-0.4200439453125,-1.3427733182907104,-128.662109375,149.90234375,2,gustav
1772894626.0704663,0.03857421875,-0.75830078125,-0.4033203125,0.9765624403953552,-118.83544158935547,140.07568359375,2,gustav
1772894626.1430798,0.2164306640625,-0.66552734375,-0.361083984375,22.766111373901367,-114.13573455810547,129.638671875,2,gustav
1772894626.1430798,0.3773193359375,-0.678466796875,-0.3406982421875,22.277830123901367,-107.36083221435547,123.29100799560547,2,gustav
1772894626.2015233,0.4779052734375,-0.58837890625,-0.267333984375,18.12744140625,-99.24315643310547,115.78368377685547,2,gustav
1772894626.262802,0.5828857421875,-0.464111328125,-0.2861328125,4.0283203125,-89.72167205810547,104.00389862060547,2,gustav
1772894626.262802,0.659423828125,-0.4061279296875,-0.1444091796875,1.03759765625,-75.62255859375,87.09716033935547,2,gustav
1772894626.3223016,0.7373046875,-0.2760009765625,-0.0560302734375,-2.746581792831421,-53.649898529052734,57.006832122802734,2,gustav
1772894626.3822935,0.75634765625,-0.199462890625,0.04248046875,-14.831542015075684,-21.667478561401367,18.24951171875,2,gustav
1772894626.3822935,0.724365234375,-0.253173828125,0.059814453125,-5.126952648162842,15.441893577575684,-23.498533248901367,2,gustav
1772894626.444725,0.6976318359375,-0.3184814453125,-0.0455322265625,5.615233898162842,44.311519622802734,-57.617183685302734,2,gustav
1772894626.5033443,0.67333984375,-0.443359375,-0.042236328125,-1.3427733182907104,68.359375,-81.78710174560547,2,gustav
1772894626.5049672,0.62158203125,-0.453125,-0.1966552734375,-13.854979515075684,82.15331268310547,-97.16796112060547,2,gustav
1772894626.5642426,0.5147705078125,-0.603271484375,-0.2470703125,-29.663084030151367,92.95653533935547,-109.25292205810547,2,gustav
1772894626.6230645,0.42041015625,-0.684814453125,-0.4066162109375,-32.5927734375,96.86278533935547,-116.45507049560547,2,gustav
1772894626.6812027,0.3663330078125,-0.71728515625,-0.3095703125,-35.7666015625,99.24315643310547,-117.91991424560547,2,gustav
1772894626.6812027,0.181640625,-0.8270263671875,-0.505859375,-24.108884811401367,93.56688690185547,-127.74657440185547,2,gustav
1772894626.742597,0.0921630859375,-0.874755859375,-0.36865234375,-1.8920897245407104,94.48241424560547,-121.45995330810547,2,gustav
1772894626.742597,0.0130615234375,-0.8707275390625,-0.536376953125,10.986327171325684,95.45897674560547,-121.76512908935547,2,gustav
1772894626.9244864,-0.1109619140625,-0.9781494140625,-0.3935546875,25.024412155151367,96.92382049560547,-112.79296112060547,2,gustav
1772894626.9255805,-0.1407470703125,-0.87060546875,-0.5933837890625,26.611326217651367,93.32274627685547,-107.66600799560547,2,gustav
1772894626.926086,-0.268798828125,-1.0152587890625,-0.4691162109375,19.4091796875,96.80175018310547,-101.44042205810547,2,gustav
1772894626.9272602,-0.3380126953125,-0.877685546875,-0.583740234375,-8.36181640625,92.46825408935547,-92.65135955810547,2,gustav
1772894627.0415065,-0.45458984375,-0.91064453125,-0.4713134765625,0.6103515625,87.34130096435547,-84.89989471435547,2,gustav
1772894627.0415065,-0.385498046875,-0.8143310546875,-0.577880859375,1.3427733182907104,80.74950408935547,-86.48680877685547,2,gustav
1772894627.04576,-0.6253662109375,-0.8673095703125,-0.4638671875,9.70458984375,76.59912109375,-85.32714080810547,2,gustav
1772894627.1033645,-0.5333251953125,-0.7716064453125,-0.4912109375,-2.197265625,72.32666015625,-77.2705078125,2,gustav
1772894627.1033645,-0.593994140625,-0.77392578125,-0.479736328125,-12.084959983825684,66.10107421875,-93.50585174560547,2,gustav
1772894627.2819335,-0.715087890625,-0.642578125,-0.3172607421875,-16.78466796875,66.22314453125,-83.49608612060547,2,gustav
1772894627.2819335,-0.70361328125,-0.608642578125,-0.4097900390625,-11.413573265075684,62.255855560302734,-94.97069549560547,2,gustav
1772894627.522798,-0.813720703125,-0.5980224609375,-0.249755859375,-8.72802734375,64.0869140625,-102.41698455810547,2,gustav
1772894627.522798,-0.857421875,-0.5303955078125,-0.2794189453125,-10.925292015075684,63.110347747802734,-104.91942596435547,2,gustav
1772894627.522798,-0.94873046875,-0.57568359375,-0.169189453125,-22.460935592651367,64.5751953125,-104.91942596435547,2,gustav
1772894627.5259497,-0.966552734375,-0.558837890625,-0.2318115234375,-21.362302780151367,59.509273529052734,-99.60936737060547,2,gustav
1772894627.6426406,-0.97802734375,-0.376708984375,-0.1639404296875,37.17041015625,21.606443405151367,-47.912593841552734,2,gustav
1772894627.6426406,-1.0174560546875,-0.469970703125,-0.25341796875,38.6962890625,-19.71435546875,17.4560546875,2,gustav
1772894627.6426406,-1.03369140625,-0.5472412109375,-0.29345703125,19.775390625,-43.334957122802734,56.945796966552734,2,gustav
1772894627.6455967,-1.041748046875,-0.5701904296875,-0.3394775390625,0.4882812201976776,-64.5751953125,90.82030487060547,2,gustav
1772894627.7043402,-1.050537109375,-0.607421875,-0.3740234375,-13.061522483825684,-83.43505096435547,116.57714080810547,2,gustav
1772894627.7588751,-1.0361328125,-0.6033935546875,-0.392822265625,-16.90673828125,-100.09764862060547,135.55908203125,2,gustav
1772894627.9423883,-0.9903564453125,-0.614990234375,-0.426025390625,-18.798828125,-108.15428924560547,141.11328125,2,gustav
1772894628.0630958,-0.94091796875,-0.6741943359375,-0.43505859375,-27.526853561401367,-111.99950408935547,144.34814453125,2,gustav
1772894628.176807,-0.8770751953125,-0.6568603515625,-0.4271240234375,-16.7236328125,-117.73680877685547,149.10888671875,2,gustav
1772894628.2416155,-0.7869873046875,-0.7196044921875,-0.445556640625,-13.732909202575684,-119.26268768310547,148.8037109375,2,gustav
1772894628.2416155,-0.5673828125,-0.855712890625,-0.512451171875,-7.812499523162842,-123.29100799560547,155.8837890625,2,gustav
1772894628.2448137,-0.159423828125,-0.9354248046875,-0.50732421875,-21.423337936401367,-131.591796875,169.31150817871094,2,gustav
1772894628.2448137,0.0858154296875,-0.7391357421875,-0.358642578125,-31.433103561401367,-114.50194549560547,165.34422302246094,2,gustav
1772894628.303296,0.4241943359375,-0.546630859375,-0.2099609375,44.677730560302734,-89.23339080810547,114.99022674560547,2,gustav
1772894628.3617997,0.5684814453125,-0.5072021484375,-0.1435546875,48.828121185302734,-79.04052734375,95.70311737060547,2,gustav
1772894628.3617997,0.6839599609375,-0.3914794921875,-0.1275634765625,35.400390625,-65.00244140625,71.10595703125,2,gustav
1772894628.4820924,0.7149658203125,-0.2923583984375,-0.030029296875,15.380858421325684,-43.640132904052734,39.73388671875,2,gustav
1772894628.4820924,0.7288818359375,-0.296142578125,0.0350341796875,-1.9531248807907104,-14.709471702575684,3.601073980331421,2,gustav
1772894628.4853878,0.73828125,-0.362060546875,0.0106201171875,-11.718749046325684,18.00537109375,-29.296873092651367,2,gustav
1772894628.5388074,0.719970703125,-0.4029541015625,-0.04296875,-9.521484375,40.466304779052734,-54.443355560302734,2,gustav
1772894628.6631365,0.66015625,-0.480712890625,-0.0889892578125,-5.493163585662842,56.762691497802734,-75.01220703125,2,gustav
1772894628.6631365,0.5943603515625,-0.5772705078125,-0.2056884765625,-5.615233898162842,70.61767578125,-88.25682830810547,2,gustav
1772894628.6631365,0.5538330078125,-0.589111328125,-0.2509765625,-5.371093273162842,78.125,-99.54833221435547,2,gustav
1772894628.6631365,0.4368896484375,-0.765869140625,-0.379638671875,-8.72802734375,84.28954315185547,-101.80663299560547,2,gustav
1772894628.782708,0.39794921875,-0.749267578125,-0.42138671875,-11.291502952575684,83.00780487060547,-103.63768768310547,2,gustav
1772894628.782708,0.276611328125,-0.9013671875,-0.410888671875,-0.9155272841453552,81.66503143310547,-93.99413299560547,2,gustav
1772894628.8427804,0.1876220703125,-0.89453125,-0.41650390625,-18.4326171875,81.90917205810547,-87.76854705810547,2,gustav
1772894628.844792,0.1600341796875,-0.9422607421875,-0.4984130859375,-13.183592796325684,79.58984375,-81.05467987060547,2,gustav
1772894628.9629989,0.07373046875,-0.8763427734375,-0.3760986328125,-11.779784202575684,77.1484375,-78.7353515625,2,gustav
1772894628.9629989,-0.022216796875,-0.8895263671875,-0.5096435546875,7.385253429412842,74.03564453125,-82.82469940185547,2,gustav
1772894628.9629989,-0.087646484375,-0.9337158203125,-0.4764404296875,26.855466842651367,72.20458984375,-86.18163299560547,2,gustav
1772894629.0211754,-0.1318359375,-0.806640625,-0.4583740234375,26.611326217651367,75.68359375,-85.87645721435547,2,gustav
1772894629.0821705,-0.2249755859375,-0.9534912109375,-0.509033203125,9.33837890625,81.11571502685547,-84.10643768310547,2,gustav
1772894629.0821705,-0.2615966796875,-0.8238525390625,-0.33740234375,-29.235837936401367,84.04540252685547,-80.38329315185547,2,gustav
1772894629.202699,-0.34423828125,-0.8458251953125,-0.53076171875,-39.85595703125,78.30810546875,-88.86717987060547,2,gustav
1772894629.202699,-0.4622802734375,-0.797607421875,-0.3037109375,-26.794431686401367,82.76366424560547,-88.92821502685547,2,gustav
1772894629.207725,-0.453857421875,-0.720703125,-0.47998046875,1.3427733182907104,70.068359375,-102.05077362060547,2,gustav
1772894629.259685,-0.66357421875,-0.89013671875,-0.42431640625,41.015621185302734,72.32666015625,-103.94286346435547,2,gustav
1772894629.259685,-0.646240234375,-0.6978759765625,-0.3240966796875,38.26904296875,74.70703125,-95.94725799560547,2,gustav
1772894629.3198473,-0.6771240234375,-0.6771240234375,-0.4051513671875,18.37158203125,70.86181640625,-107.29979705810547,2,gustav
1772894629.3785987,-0.8817138671875,-0.761474609375,-0.4161376953125,-3.295898199081421,69.9462890625,-107.17772674560547,2,gustav
1772894629.3785987,-0.8236083984375,-0.5098876953125,-0.181396484375,-27.343748092651367,65.61279296875,-104.30907440185547,2,gustav
1772894629.4411263,-0.89599609375,-0.6156005859375,-0.3759765625,-26.855466842651367,60.913082122802734,-125.97655487060547,2,gustav
1772894629.5045123,-1.0113525390625,-0.5770263671875,-0.3321533203125,30.334470748901367,43.579097747802734,-108.21532440185547,2,gustav
1772894629.5045123,-0.998779296875,-0.36669921875,-0.2369384765625,12.756346702575684,46.386714935302734,-105.83495330810547,2,gustav
1772894629.742586,-1.02783203125,-0.54833984375,-0.2762451171875,53.833003997802734,35.82763671875,-73.486328125,2,gustav
1772894629.8023705,-0.940185546875,-0.5079345703125,-0.22412109375,28.137205123901367,27.221677780151367,-50.903316497802734,2,gustav
1772894629.8023705,-0.982177734375,-0.470458984375,-0.246826171875,10.253905296325684,13.732909202575684,-31.799314498901367,2,gustav
1772894629.8023705,-0.9481201171875,-0.4512939453125,-0.1861572265625,-6.652831554412842,5.371093273162842,-10.620116233825684,2,gustav
1772894629.8023705,-1.0072021484375,-0.4573974609375,-0.3309326171875,5.798339366912842,-33.203125,39.0625,2,gustav
1772894629.8621747,-1.0263671875,-0.5155029296875,-0.35107421875,7.446288585662842,-51.086421966552734,67.07763671875,2,gustav
1772894629.8621747,-0.9962158203125,-0.56689453125,-0.3782958984375,-5.493163585662842,-61.462398529052734,86.91405487060547,2,gustav
1772894630.040971,-1.012939453125,-0.689208984375,-0.47314453125,-10.131834983825684,-80.62743377685547,113.52538299560547,2,gustav
1772894630.040971,-0.9481201171875,-0.6756591796875,-0.4500732421875,-27.832029342651367,-93.93309783935547,133.36181640625,2,gustav
1772894630.0987544,-0.9813232421875,-0.8046875,-0.5263671875,-33.63037109375,-105.83495330810547,148.86474609375,2,gustav
1772894630.0987544,-0.859619140625,-0.759765625,-0.5159912109375,-25.939939498901367,-115.78368377685547,157.65380859375,2,gustav
1772894630.0987544,-0.81396484375,-0.75927734375,-0.5013427734375,-15.380858421325684,-125.06102752685547,164.12351989746094,2,gustav
1772894630.1598778,-0.73974609375,-0.8367919921875,-0.5128173828125,0.6713866591453552,-131.89697265625,169.67771911621094,2,gustav
1772894630.3449237,-0.5606689453125,-0.7913818359375,-0.489990234375,-1.2817381620407104,-135.498046875,169.49461364746094,2,gustav
1772894630.4035769,-0.5067138671875,-0.841552734375,-0.5330810546875,-0.6103515625,-138.73291015625,166.80906677246094,2,gustav
1772894630.4035769,-0.2872314453125,-0.753173828125,-0.428955078125,-0.1831054538488388,-136.8408203125,164.18455505371094,2,gustav
1772894630.4035769,-0.1748046875,-0.861083984375,-0.5611572265625,-7.141112804412842,-138.24462890625,157.470703125,2,gustav
1772894630.4055843,0.2803955078125,-0.622314453125,-0.3001708984375,-31.066892623901367,-105.77391815185547,120.78856658935547,2,gustav
1772894630.4638948,0.48583984375,-0.5504150390625,-0.290283203125,58.227535247802734,-72.3876953125,63.293453216552734,2,gustav
1772894630.524485,0.6221923828125,-0.6021728515625,-0.1822509765625,68.54248046875,-64.02587890625,56.701656341552734,2,gustav
1772894630.524485,0.6749267578125,-0.550537109375,-0.23046875,44.616695404052734,-58.532711029052734,50.903316497802734,2,gustav
1772894630.583827,0.69091796875,-0.615234375,-0.2147216796875,25.756834030151367,-52.368160247802734,42.907711029052734,2,gustav
1772894630.6414204,0.7237548828125,-0.507568359375,-0.1287841796875,5.065917491912842,-41.198726654052734,28.137205123901367,2,gustav
1772894630.6414204,0.738037109375,-0.4588623046875,-0.107177734375,1.03759765625,-25.634763717651367,10.253905296325684,2,gustav
1772894630.6990082,0.7562255859375,-0.5096435546875,-0.0576171875,2.746581792831421,-6.225585460662842,-5.249022960662842,2,gustav
1772894630.8834555,0.7261962890625,-0.5157470703125,-0.126220703125,1.220703125,12.512206077575684,-16.54052734375,2,gustav
1772894630.8834555,0.6929931640625,-0.5321044921875,-0.12744140625,-12.512206077575684,28.808591842651367,-25.329587936401367,2,gustav
1772894630.8834555,0.695068359375,-0.5286865234375,-0.1561279296875,-26.672361373901367,42.297359466552734,-36.7431640625,2,gustav
1772894630.8834555,0.6517333984375,-0.6219482421875,-0.22998046875,-34.7900390625,53.894039154052734,-48.645015716552734,2,gustav
1772894631.0021412,0.550537109375,-0.6636962890625,-0.2803955078125,-18.798828125,63.720699310302734,-66.83349609375,2,gustav
1772894631.0021412,0.5240478515625,-0.6514892578125,-0.302978515625,-1.2817381620407104,67.56591796875,-69.88525390625,2,gustav
1772894631.0021412,0.4132080078125,-0.759521484375,-0.351318359375,-6.408690929412842,68.9697265625,-78.9794921875,2,gustav
1772894631.1197171,0.3492431640625,-0.82666015625,-0.38330078125,-12.084959983825684,72.6318359375,-78.61328125,2,gustav
1772894631.1197171,0.3204345703125,-0.7572021484375,-0.346435546875,-23.925779342651367,75.3173828125,-82.76366424560547,2,gustav
1772894631.1197171,0.2132568359375,-0.8756103515625,-0.4771728515625,-18.73779296875,74.89013671875,-84.59471893310547,2,gustav
1772894631.1832454,0.181884765625,-0.8323974609375,-0.3707275390625,-18.310546875,78.61328125,-83.86229705810547,2,gustav
1772894631.242041,0.041015625,-0.913818359375,-0.5313720703125,-11.840819358825684,73.1201171875,-88.07372283935547,2,gustav
1772894631.242041,-0.0330810546875,-0.928955078125,-0.3863525390625,5.981444835662842,74.8291015625,-86.85301971435547,2,gustav
1772894631.304392,-0.0625,-0.8564453125,-0.398681640625,0.2441406100988388,76.23291015625,-89.59960174560547,2,gustav
1772894631.361079,-0.1868896484375,-0.9251708984375,-0.47509765625,-5.065917491912842,78.06396484375,-95.70311737060547,2,gustav
1772894631.361079,-0.235595703125,-0.843017578125,-0.271728515625,-16.90673828125,82.03124237060547,-100.52489471435547,2,gustav
1772894631.425396,-0.389892578125,-0.8450927734375,-0.51708984375,-4.5166015625,78.55224609375,-106.56737518310547,2,gustav
1772894631.5439296,-0.4647216796875,-0.7860107421875,-0.2823486328125,2.929687261581421,82.94676971435547,-105.77391815185547,2,gustav
1772894631.5439296,-0.48095703125,-0.87890625,-0.4776611328125,9.33837890625,78.2470703125,-109.00878143310547,2,gustav
1772894631.5439296,-0.6429443359375,-0.83154296875,-0.4052734375,20.446775436401367,74.40185546875,-106.38426971435547,2,gustav
1772894631.603368,-0.6312255859375,-0.8397216796875,-0.4022216796875,7.263183116912842,71.044921875,-102.41698455810547,2,gustav
1772894631.603368,-0.6876220703125,-0.7635498046875,-0.3909912109375,15.258788108825684,68.42041015625,-103.94286346435547,2,gustav
1772894631.7216523,-0.75537109375,-0.710693359375,-0.3358154296875,6.652831554412842,68.29833984375,-104.12596893310547,2,gustav
1772894631.7216523,-0.8240966796875,-0.67626953125,-0.311767578125,5.981444835662842,66.2841796875,-106.81151580810547,2,gustav
1772894631.7216523,-0.8704833984375,-0.57275390625,-0.2169189453125,12.023924827575684,62.133785247802734,-108.33739471435547,2,gustav
1772894631.7823746,-0.9095458984375,-0.5198974609375,-0.251220703125,4.08935546875,63.964839935302734,-116.27196502685547,2,gustav
1772894631.7823746,-0.985107421875,-0.491943359375,-0.2481689453125,3.967284917831421,57.189937591552734,-114.37987518310547,2,gustav
1772894631.8414161,-1.01806640625,-0.39013671875,-0.1298828125,-7.141112804412842,57.128902435302734,-107.66600799560547,2,gustav
1772894632.2037234,-1.0125732421875,-0.4105224609375,-0.27294921875,-10.375975608825684,51.452632904052734,-92.83446502685547,2,gustav
1772894632.2636373,-1.015625,-0.413330078125,-0.18798828125,2.50244140625,35.2783203125,-67.93212890625,2,gustav
1772894632.3217623,-1.036865234375,-0.408935546875,-0.14892578125,19.8974609375,20.446775436401367,-45.654293060302734,2,gustav
1772894632.3217623,-0.9930419921875,-0.3895263671875,-0.175048828125,25.939939498901367,8.48388671875,-28.015134811401367,2,gustav
1772894632.3217623,-1.0,-0.374267578125,-0.1697998046875,-14.343260765075684,-15.930174827575684,33.0810546875,2,gustav
1772894632.3217623,-0.9755859375,-0.6409912109375,-0.344970703125,-0.30517578125,-78.43017578125,127.31932830810547,2,gustav
1772894632.3785286,-0.91943359375,-0.7305908203125,-0.3680419921875,3.051757574081421,-89.17235565185547,135.25390625,2,gustav
1772894632.3785286,-0.8834228515625,-0.7835693359375,-0.4278564453125,-0.6103515625,-98.81591033935547,140.5029296875,2,gustav
1772894632.5635686,-0.854736328125,-0.8095703125,-0.4033203125,-3.479003667831421,-106.81151580810547,149.84130859375,2,gustav
1772894632.5635686,-0.759521484375,-0.8865966796875,-0.46923828125,-5.493163585662842,-115.05126190185547,160.0341796875,2,gustav
1772894632.5635686,-0.6817626953125,-0.846435546875,-0.4560546875,-9.6435546875,-117.43163299560547,162.78074645996094,2,gustav
1772894632.5635686,-0.5911865234375,-0.8951416015625,-0.458251953125,-15.258788108825684,-120.11717987060547,168.02976989746094,2,gustav
1772894632.5689988,-0.4293212890625,-0.865966796875,-0.496826171875,-17.63916015625,-121.88719940185547,169.12840270996094,2,gustav
1772894632.6214051,-0.29833984375,-0.7572021484375,-0.3720703125,-11.230467796325684,-117.43163299560547,163.08592224121094,2,gustav
1772894632.6783528,-0.133544921875,-0.778564453125,-0.48583984375,24.353025436401367,-119.38475799560547,151.18408203125,2,gustav
1772894632.738752,-0.0272216796875,-0.6734619140625,-0.39208984375,18.12744140625,-108.33739471435547,134.09423828125,2,gustav
1772894632.738752,0.0733642578125,-0.7828369140625,-0.435302734375,17.822265625,-105.52977752685547,123.71825408935547,2,gustav
1772894632.79857,0.1746826171875,-0.7734375,-0.4310302734375,17.4560546875,-102.23387908935547,120.23925018310547,2,gustav
1772894632.857896,0.433349609375,-0.735107421875,-0.33056640625,21.545408248901367,-108.52050018310547,121.45995330810547,2,gustav
1772894632.857896,0.5018310546875,-0.688232421875,-0.2884521484375,17.63916015625,-106.75048065185547,121.21581268310547,2,gustav
1772894632.9246254,0.5941162109375,-0.4971923828125,-0.1905517578125,6.713866710662842,-98.81591033935547,111.38915252685547,2,gustav
1772894632.9824,0.6375732421875,-0.4046630859375,-0.115966796875,10.253905296325684,-81.23778533935547,90.45409393310547,2,gustav
1772894632.9824,0.71533203125,-0.2879638671875,0.023681640625,10.742186546325684,-53.894039154052734,59.020992279052734,2,gustav
1772894633.0413797,0.7601318359375,-0.211669921875,0.069091796875,11.169432640075684,-24.536130905151367,19.83642578125,2,gustav
1772894633.1028876,0.7431640625,-0.29736328125,0.0235595703125,-2.25830078125,4.82177734375,-17.02880859375,2,gustav
1772894633.1028876,0.736328125,-0.4031982421875,-0.021728515625,-8.7890625,37.4755859375,-47.851558685302734,2,gustav
1772894633.1623962,0.72900390625,-0.4049072265625,-0.052978515625,-25.390623092651367,55.358882904052734,-68.66455078125,2,gustav
1772894633.221191,0.685791015625,-0.5291748046875,-0.173583984375,-25.573728561401367,65.36865234375,-83.92333221435547,2,gustav
1772894633.221191,0.6136474609375,-0.60302734375,-0.2332763671875,-27.770994186401367,72.69287109375,-93.99413299560547,2,gustav
1772894633.2836654,0.5361328125,-0.6527099609375,-0.2685546875,-37.17041015625,79.345703125,-107.84911346435547,2,gustav
1772894633.4026606,0.3907470703125,-0.7518310546875,-0.33544921875,-21.423337936401367,85.02196502685547,-106.93358612060547,2,gustav
1772894633.4026606,0.3624267578125,-0.7598876953125,-0.31005859375,-24.475095748901367,85.44921112060547,-113.95262908935547,2,gustav
1772894633.4026606,0.2264404296875,-0.8997802734375,-0.4420166015625,0.6103515625,84.16747283935547,-105.65184783935547,2,gustav
1772894633.4645612,0.2396240234375,-0.8472900390625,-0.374755859375,4.8828125,83.06884002685547,-103.57665252685547,2,gustav
1772894633.4645612,0.088134765625,-0.994384765625,-0.509521484375,13.366698265075684,79.89501953125,-98.32762908935547,2,gustav
1772894633.522189,0.0562744140625,-0.953857421875,-0.458740234375,5.249022960662842,77.7587890625,-88.25682830810547,2,gustav
1772894633.5824034,-0.01171875,-0.982177734375,-0.496826171875,-1.3427733182907104,72.93701171875,-85.63231658935547,2,gustav
1772894633.5824034,-0.1124267578125,-1.0306396484375,-0.478759765625,-7.873534679412842,69.9462890625,-78.55224609375,2,gustav
1772894633.7026112,-0.1083984375,-0.9033203125,-0.4852294921875,-5.432128429412842,61.157222747802734,-72.8759765625,2,gustav
1772894633.8222554,-0.2275390625,-0.980712890625,-0.460205078125,4.638671875,57.495113372802734,-70.1904296875,2,gustav
1772894633.8222554,-0.213623046875,-0.8829345703125,-0.4583740234375,5.920409679412842,55.664058685302734,-64.697265625,2,gustav
1772894633.9966402,-0.323486328125,-0.8685302734375,-0.4298095703125,12.268065452575684,56.152339935302734,-66.46728515625,2,gustav
1772894633.9966402,-0.35498046875,-0.8306884765625,-0.3585205078125,21.606443405151367,57.983394622802734,-63.903804779052734,2,gustav
1772894634.124179,-0.4678955078125,-0.766845703125,-0.289794921875,0.8544921278953552,63.964839935302734,-78.125,2,gustav
1772894634.124179,-0.556396484375,-0.72216796875,-0.4095458984375,-4.45556640625,63.293453216552734,-79.2236328125,2,gustav
1772894634.1824396,-0.7161865234375,-0.64208984375,-0.350341796875,45.104976654052734,65.0634765625,-106.81151580810547,2,gustav
1772894634.1824396,-0.80712890625,-0.6461181640625,-0.2774658203125,49.133296966552734,71.1669921875,-109.92430877685547,2,gustav
1772894634.1824396,-0.9595947265625,-0.4884033203125,-0.278076171875,-29.663084030151367,87.40233612060547,-128.41796875,2,gustav
1772894634.185798,-1.061279296875,-0.42236328125,-0.2652587890625,-24.963376998901367,84.28954315185547,-122.49755096435547,2,gustav
1772894634.4796612,-1.0677490234375,-0.3511962890625,-0.2105712890625,-32.5927734375,74.0966796875,-115.96678924560547,2,gustav
1772894634.4796612,-1.0452880859375,-0.5384521484375,-0.3665771484375,16.4794921875,45.715328216552734,-70.1904296875,2,gustav
1772894634.485455,-0.9898681640625,-0.4267578125,-0.1376953125,34.48486328125,29.907224655151367,-48.522945404052734,2,gustav
1772894634.485455,-1.01708984375,-0.49755859375,-0.3275146484375,50.842281341552734,3.967284917831421,-17.7001953125,2,gustav
1772894634.485455,-0.974853515625,-0.392578125,-0.22412109375,-39.24560546875,-21.972654342651367,38.2080078125,2,gustav
1772894634.5415685,-1.024169921875,-0.4456787109375,-0.2794189453125,7.690429210662842,-60.241695404052734,82.82469940185547,2,gustav
1772894634.5984225,-1.0291748046875,-0.52001953125,-0.359130859375,5.798339366912842,-75.62255859375,98.63280487060547,2,gustav
1772894634.6643612,-1.0010986328125,-0.6209716796875,-0.3792724609375,-1.9531248807907104,-89.11132049560547,115.66161346435547,2,gustav
1772894634.7231212,-0.9649658203125,-0.6031494140625,-0.399169921875,-15.197752952575684,-98.51073455810547,124.75585174560547,2,gustav
1772894634.7231212,-0.91845703125,-0.71533203125,-0.47509765625,-9.521484375,-106.14012908935547,129.45556640625,2,gustav
1772894634.7231212,-0.86962890625,-0.750244140625,-0.45654296875,2.563476324081421,-112.54882049560547,137.20703125,2,gustav
1772894634.7843714,-0.76123046875,-0.73388671875,-0.4339599609375,18.00537109375,-118.53026580810547,140.44189453125,2,gustav
1772894634.8999977,-0.672607421875,-0.84228515625,-0.4549560546875,10.559081077575684,-121.15477752685547,139.892578125,2,gustav
1772894634.8999977,-0.5709228515625,-0.832763671875,-0.4888916015625,-3.906249761581421,-122.98583221435547,141.54052734375,2,gustav
1772894634.9639742,-0.4422607421875,-0.7850341796875,-0.4652099609375,-14.831542015075684,-118.04198455810547,140.56396484375,2,gustav
1772894634.9650571,-0.3199462890625,-0.841796875,-0.5389404296875,-6.225585460662842,-115.17333221435547,141.05224609375,2,gustav
1772894634.9650571,-0.21728515625,-0.800537109375,-0.513916015625,3.173827886581421,-111.69432830810547,142.51708984375,2,gustav
1772894635.0827765,-0.0826416015625,-0.8985595703125,-0.62451171875,10.864256858825684,-113.70848846435547,147.15576171875,2,gustav
1772894635.0827765,0.092041015625,-0.7615966796875,-0.474365234375,-1.220703125,-110.71776580810547,154.052734375,2,gustav
1772894635.1421366,0.1881103515625,-0.76513671875,-0.49072265625,-4.69970703125,-113.46434783935547,153.50341796875,2,gustav
1772894635.1961892,0.3311767578125,-0.63134765625,-0.3970947265625,-8.48388671875,-111.45018768310547,144.83642578125,2,gustav
1772894635.2046385,0.4085693359375,-0.555419921875,-0.3482666015625,1.2817381620407104,-102.11180877685547,132.32421875,2,gustav
1772894635.2053719,0.551513671875,-0.4158935546875,-0.2215576171875,9.8876953125,-88.13475799560547,112.79296112060547,2,gustav
1772894635.2638206,0.6390380859375,-0.332275390625,-0.16015625,17.63916015625,-71.59423828125,88.13475799560547,2,gustav
1772894635.324078,0.70458984375,-0.2762451171875,-0.032958984375,13.549803733825684,-46.386714935302734,53.649898529052734,2,gustav
1772894635.442459,0.7406005859375,-0.1640625,0.03369140625,3.662109136581421,-11.596678733825684,11.535643577575684,2,gustav
1772894635.442459,0.748046875,-0.2490234375,-0.04296875,-17.76123046875,22.216794967651367,-27.770994186401367,2,gustav
1772894635.442459,0.7371826171875,-0.3724365234375,-0.1424560546875,-10.803221702575684,43.273921966552734,-53.771968841552734,2,gustav
1772894635.442459,0.7244873046875,-0.4073486328125,-0.1964111328125,-7.629394054412842,53.710933685302734,-70.49560546875,2,gustav
1772894635.503702,0.6474609375,-0.5440673828125,-0.3359375,0.1831054538488388,59.570308685302734,-84.83885955810547,2,gustav
1772894635.56071,0.6060791015625,-0.552734375,-0.2803955078125,-1.2817381620407104,66.40625,-91.06444549560547,2,gustav
1772894635.56071,0.515380859375,-0.65380859375,-0.422119140625,-16.2353515625,71.35009765625,-101.25731658935547,2,gustav
1772894635.622231,0.40625,-0.7281494140625,-0.3779296875,-9.6435546875,75.98876953125,-101.62352752685547,2,gustav
1772894635.6832027,0.3564453125,-0.772705078125,-0.4722900390625,-39.0625,76.416015625,-104.49217987060547,2,gustav
1772894635.6832027,0.218505859375,-0.8525390625,-0.4351806640625,-23.681638717651367,77.392578125,-100.76903533935547,2,gustav
1772894635.7433481,0.232421875,-0.8173828125,-0.4747314453125,-18.5546875,72.75390625,-105.34667205810547,2,gustav
1772894635.7965488,0.0650634765625,-0.9000244140625,-0.515380859375,18.6767578125,67.626953125,-108.88671112060547,2,gustav
1772894635.805225,0.0281982421875,-0.855224609375,-0.4320068359375,6.530761241912842,75.3173828125,-101.01317596435547,2,gustav
1772894635.863599,-0.0721435546875,-0.927490234375,-0.5911865234375,8.85009765625,71.8994140625,-105.34667205810547,2,gustav
1772894636.0420492,-0.2161865234375,-0.9306640625,-0.42919921875,-19.4091796875,79.04052734375,-98.26659393310547,2,gustav
1772894636.0420492,-0.1815185546875,-0.8065185546875,-0.50390625,-24.108884811401367,75.13427734375,-101.19628143310547,2,gustav
1772894636.218997,-0.3753662109375,-0.8614501953125,-0.4190673828125,-7.202147960662842,73.3642578125,-106.93358612060547,2,gustav
1772894636.218997,-0.3931884765625,-0.7808837890625,-0.4720458984375,0.9765624403953552,72.81494140625,-105.10253143310547,2,gustav
1772894636.218997,-0.63427734375,-0.78271484375,-0.368896484375,6.958007335662842,76.171875,-96.67967987060547,2,gustav
1772894636.2271104,-0.63134765625,-0.8328857421875,-0.5015869140625,6.347655773162842,70.86181640625,-102.23387908935547,2,gustav
1772894636.2824564,-0.82275390625,-0.79345703125,-0.3946533203125,18.798828125,60.180660247802734,-86.91405487060547,2,gustav
1772894636.2824564,-0.76953125,-0.6019287109375,-0.280029296875,36.376953125,59.509273529052734,-79.40673828125,2,gustav
1772894636.339799,-0.839599609375,-0.579833984375,-0.2799072265625,30.029294967651367,60.241695404052734,-88.98925018310547,2,gustav
1772894636.404388,-0.8912353515625,-0.522216796875,-0.2335205078125,13.854979515075684,64.39208984375,-90.39305877685547,2,gustav
1772894636.4052372,-0.9322509765625,-0.33740234375,-0.151611328125,-7.324218273162842,63.049312591552734,-93.50585174560547,2,gustav
1772894636.4643025,-1.021728515625,-0.3680419921875,-0.2198486328125,-46.386714935302734,62.866207122802734,-99.18212127685547,2,gustav
1772894636.5213957,-1.01171875,-0.4146728515625,-0.304931640625,-35.64453125,51.208492279052734,-86.54784393310547,2,gustav
1772894636.583886,-1.0194091796875,-0.3565673828125,-0.2071533203125,-7.202147960662842,31.433103561401367,-62.622066497802734,2,gustav
1772894636.583886,-1.02783203125,-0.359619140625,-0.23095703125,17.02880859375,20.202634811401367,-45.959468841552734,2,gustav
1772894636.6439943,-0.9952392578125,-0.4073486328125,-0.1416015625,23.498533248901367,7.751464366912842,-25.573728561401367,2,gustav
1772894636.6439943,-0.986083984375,-0.3885498046875,-0.1546630859375,23.376462936401367,-1.4038084745407104,-7.141112804412842,2,gustav
1772894636.7032096,-0.9698486328125,-0.3353271484375,-0.1207275390625,1.0986328125,-6.896972179412842,6.042479991912842,2,gustav
1772894636.7527058,-0.99072265625,-0.335205078125,-0.1102294921875,-16.29638671875,-10.620116233825684,19.1650390625,2,gustav
1772894636.8180094,-0.9742431640625,-0.33056640625,-0.1451416015625,-24.719236373901367,-18.85986328125,32.53173828125,2,gustav
1772894636.884146,-1.011474609375,-0.3497314453125,-0.18115234375,-12.939452171325684,-33.63037109375,51.391597747802734,2,gustav
1772894636.884146,-1.01416015625,-0.4400634765625,-0.262939453125,-13.488768577575684,-45.593257904052734,68.05419921875,2,gustav
1772894636.884146,-1.024169921875,-0.4925537109375,-0.274169921875,5.981444835662842,-59.265132904052734,91.06444549560547,2,gustav
1772894636.940947,-0.990966796875,-0.5506591796875,-0.34033203125,12.695311546325684,-72.93701171875,107.05565643310547,2,gustav
1772894637.002337,-0.9300537109375,-0.6790771484375,-0.411376953125,15.624999046325684,-82.76366424560547,113.28124237060547,2,gustav
1772894637.002337,-0.893310546875,-0.6878662109375,-0.3740234375,-10.803221702575684,-88.50096893310547,120.05614471435547,2,gustav
1772894637.063531,-0.868896484375,-0.7073974609375,-0.3905029296875,-24.658201217651367,-91.30858612060547,131.77490234375,2,gustav
1772894637.1228464,-0.788818359375,-0.8006591796875,-0.432373046875,-33.8134765625,-93.87206268310547,144.775390625,2,gustav
1772894637.1228464,-0.7254638671875,-0.787109375,-0.4122314453125,-23.193357467651367,-96.55760955810547,149.47509765625,2,gustav
1772894637.1834612,-0.633056640625,-0.8756103515625,-0.5029296875,-7.812499523162842,-101.13524627685547,152.9541015625,2,gustav
1772894637.2410777,-0.4881591796875,-0.849609375,-0.45556640625,11.718749046325684,-105.52977752685547,155.21240234375,2,gustav
1772894637.3026912,-0.421875,-0.9044189453125,-0.5714111328125,17.15087890625,-112.91503143310547,152.587890625,2,gustav
1772894637.3639503,-0.322509765625,-0.860595703125,-0.544921875,28.137205123901367,-114.62401580810547,149.96337890625,2,gustav
1772894637.3639503,-0.178955078125,-0.77783203125,-0.49755859375,24.169919967651367,-116.39403533935547,144.59228515625,2,gustav
1772894637.4219475,-0.1005859375,-0.8541259765625,-0.556640625,27.221677780151367,-116.82128143310547,138.7939453125,2,gustav
1772894637.4219475,0.0860595703125,-0.7357177734375,-0.473876953125,24.353025436401367,-119.99510955810547,136.1083984375,2,gustav
1772894637.4828804,0.204345703125,-0.7769775390625,-0.5123291015625,20.629880905151367,-124.32860565185547,132.6904296875,2,gustav
1772894637.4828804,0.31494140625,-0.6978759765625,-0.40966796875,6.591796398162842,-123.22997283935547,132.87353515625,2,gustav
1772894637.5410852,0.469482421875,-0.5684814453125,-0.3204345703125,7.507323741912842,-122.74169158935547,128.0517578125,2,gustav
1772894637.6022575,0.5811767578125,-0.408203125,-0.170166015625,-0.30517578125,-112.18260955810547,109.80223846435547,2,gustav
1772894637.6022575,0.625244140625,-0.298095703125,-0.03857421875,-2.3193359375,-82.21434783935547,76.416015625,2,gustav
1772894637.661299,0.6705322265625,-0.1824951171875,0.0767822265625,-4.69970703125,-39.1845703125,30.456541061401367,2,gustav
1772894637.7225204,0.708251953125,-0.1536865234375,0.1416015625,-1.5869139432907104,5.554198741912842,-18.49365234375,2,gustav
1772894637.7225204,0.7015380859375,-0.3348388671875,-0.020751953125,2.685546636581421,37.17041015625,-52.612300872802734,2,gustav
1772894637.785372,0.6842041015625,-0.396728515625,-0.02099609375,-6.835937023162842,60.729976654052734,-75.1953125,2,gustav
1772894637.9010205,0.633544921875,-0.46337890625,-0.232421875,-7.324218273162842,69.7021484375,-92.77342987060547,2,gustav
1772894637.9010205,0.555908203125,-0.627685546875,-0.2459716796875,-26.428220748901367,82.03124237060547,-101.56249237060547,2,gustav
1772894637.96358,0.474853515625,-0.681640625,-0.4156494140625,-16.6015625,82.64159393310547,-109.25292205810547,2,gustav
1772894637.9655242,0.376953125,-0.7298583984375,-0.2862548828125,-28.930662155151367,90.57616424560547,-115.60057830810547,2,gustav
1772894638.0187676,0.2698974609375,-0.7667236328125,-0.41357421875,-15.930174827575684,89.35546112060547,-114.92919158935547,2,gustav
1772894638.0187676,0.1483154296875,-0.9942626953125,-0.4171142578125,-8.85009765625,89.84374237060547,-110.83983612060547,2,gustav
1772894638.025413,0.1085205078125,-0.876220703125,-0.5228271484375,16.41845703125,85.99852752685547,-99.06005096435547,2,gustav
1772894638.0765982,0.026123046875,-0.9610595703125,-0.489990234375,8.544921875,85.57128143310547,-92.34618377685547,2,gustav
1772894638.143163,-0.060791015625,-0.9866943359375,-0.57568359375,23.193357467651367,82.88573455810547,-88.19579315185547,2,gustav
1772894638.143163,-0.1005859375,-0.84375,-0.529296875,29.785154342651367,76.96533203125,-81.90917205810547,2,gustav
1772894638.2025428,-0.1544189453125,-0.91796875,-0.5594482421875,29.663084030151367,78.18603515625,-85.02196502685547,2,gustav
1772894638.3843486,-0.2935791015625,-0.819091796875,-0.5604248046875,34.24072265625,74.89013671875,-75.98876953125,2,gustav
1772894638.4418051,-0.2774658203125,-0.8251953125,-0.56689453125,20.202634811401367,77.57568359375,-74.70703125,2,gustav
1772894638.4418051,-0.42724609375,-0.88427734375,-0.5167236328125,-6.225585460662842,77.57568359375,-73.486328125,2,gustav
1772894638.4418051,-0.4305419921875,-0.7401123046875,-0.4776611328125,-12.512206077575684,71.1669921875,-67.2607421875,2,gustav
1772894638.5025663,-0.610107421875,-0.767333984375,-0.396240234375,-7.263183116912842,70.98388671875,-75.25634765625,2,gustav
1772894638.5025663,-0.579833984375,-0.6373291015625,-0.4888916015625,9.46044921875,65.673828125,-85.87645721435547,2,gustav
1772894638.5055244,-0.677734375,-0.674072265625,-0.3760986328125,21.484373092651367,70.12939453125,-90.88134002685547,2,gustav
1772894638.5646317,-0.7415771484375,-0.5694580078125,-0.4036865234375,19.775390625,73.6083984375,-93.68895721435547,2,gustav
1772894638.6235533,-0.787841796875,-0.4766845703125,-0.2747802734375,-3.967284917831421,75.62255859375,-110.47362518310547,2,gustav
1772894638.6810207,-0.87890625,-0.5224609375,-0.261962890625,-9.3994140625,79.65087890625,-115.78368377685547,2,gustav
1772894638.6810207,-0.958251953125,-0.4239501953125,-0.21240234375,-28.442380905151367,87.03612518310547,-130.2490234375,2,gustav
1772894638.801748,-1.1038818359375,-0.40380859375,-0.127197265625,-49.804683685302734,87.76854705810547,-143.4326171875,2,gustav
1772894638.801748,-1.1539306640625,-0.294677734375,-0.3355712890625,-1.03759765625,70.73974609375,-137.63427734375,2,gustav
1772894638.8636467,-1.1162109375,-0.412841796875,-0.3319091796875,34.24072265625,52.307125091552734,-100.58592987060547,2,gustav
1772894638.8636467,-1.068115234375,-0.4637451171875,-0.1982421875,58.166500091552734,34.7900390625,-61.035152435302734,2,gustav
1772894638.8656585,-1.0145263671875,-0.4632568359375,-0.1929931640625,42.846675872802734,11.108397483825684,-28.381345748901367,2,gustav
1772894638.9233587,-1.00537109375,-0.478271484375,-0.216552734375,7.812499523162842,-2.38037109375,4.5166015625,2,gustav
1772894638.9782703,-0.9915771484375,-0.406005859375,-0.194580078125,-17.15087890625,-18.5546875,33.87451171875,2,gustav
1772894639.043728,-1.0247802734375,-0.3662109375,-0.2562255859375,-24.414060592651367,-36.92626953125,59.631343841552734,2,gustav
1772894639.043728,-1.0406494140625,-0.324462890625,-0.26171875,-13.732909202575684,-56.030269622802734,82.33641815185547,2,gustav
1772894639.1006122,-1.0853271484375,-0.405517578125,-0.337890625,-4.08935546875,-73.91357421875,101.86766815185547,2,gustav
1772894639.1048868,-1.0491943359375,-0.455810546875,-0.35693359375,-0.1220703050494194,-87.82958221435547,119.50682830810547,2,gustav
1772894639.1645668,-1.0311279296875,-0.575439453125,-0.4091796875,8.30078125,-103.82079315185547,130.18798828125,2,gustav
1772894639.2245631,-0.988037109375,-0.6446533203125,-0.4249267578125,-6.103515148162842,-110.53466033935547,136.8408203125,2,gustav
1772894639.3422518,-0.9229736328125,-0.670654296875,-0.4755859375,-9.27734375,-121.76512908935547,145.32470703125,2,gustav
1772894639.3422518,-0.8299560546875,-0.7615966796875,-0.49169921875,-26.672361373901367,-127.31932830810547,149.47509765625,2,gustav
1772894639.3422518,-0.7950439453125,-0.7518310546875,-0.53271484375,-22.460935592651367,-129.21142578125,156.06689453125,2,gustav
1772894639.3422518,-0.6614990234375,-0.6998291015625,-0.4439697265625,-42.541500091552734,-122.98583221435547,154.96826171875,2,gustav
1772894639.404395,-0.56591796875,-0.82275390625,-0.5323486328125,-19.1650390625,-123.35204315185547,154.1748046875,2,gustav
1772894639.460123,-0.37109375,-0.7198486328125,-0.459716796875,-13.916014671325684,-119.01854705810547,149.10888671875,2,gustav
1772894639.5213249,-0.274169921875,-0.830810546875,-0.5059814453125,-6.225585460662842,-113.15917205810547,142.51708984375,2,gustav
1772894639.5213249,-0.1029052734375,-0.765380859375,-0.4462890625,14.099120140075684,-102.60009002685547,137.02392578125,2,gustav
1772894639.578122,-0.00048828125,-0.734619140625,-0.5701904296875,22.705076217651367,-97.59520721435547,130.67626953125,2,gustav
1772894639.6381388,0.0950927734375,-0.7994384765625,-0.499755859375,25.390623092651367,-100.40282440185547,128.84521484375,2,gustav
1772894639.7025871,0.28369140625,-0.8399658203125,-0.50634765625,25.390623092651367,-105.95702362060547,132.8125,2,gustav
1772894639.7025871,0.3785400390625,-0.7431640625,-0.456787109375,19.71435546875,-111.02294158935547,128.96728515625,2,gustav
1772894639.7025871,0.4580078125,-0.5906982421875,-0.2879638671875,16.357421875,-112.79296112060547,125.12206268310547,2,gustav
1772894639.7625332,0.5401611328125,-0.4814453125,-0.2835693359375,16.66259765625,-105.46874237060547,106.81151580810547,2,gustav
1772894639.819029,0.62158203125,-0.266845703125,-0.0775146484375,8.85009765625,-76.23291015625,73.91357421875,2,gustav
1772894639.819029,0.7039794921875,-0.162841796875,-0.011962890625,-0.6713866591453552,-35.21728515625,33.02001953125,2,gustav
1772894639.8835456,0.7269287109375,-0.1513671875,0.069091796875,2.197265625,5.187987804412842,-9.8876953125,2,gustav
1772894639.9381907,0.688232421875,-0.26318359375,-0.0369873046875,-14.221190452575684,40.893550872802734,-46.630855560302734,2,gustav
1772894639.9381907,0.677001953125,-0.427978515625,-0.131591796875,-14.709471702575684,63.110347747802734,-69.76318359375,2,gustav
1772894640.0635574,0.6453857421875,-0.512939453125,-0.3292236328125,-14.953612327575684,71.10595703125,-84.77782440185547,2,gustav
1772894640.0635574,0.60205078125,-0.611572265625,-0.2952880859375,-17.39501953125,75.86669921875,-91.36962127685547,2,gustav
1772894640.0635574,0.4893798828125,-0.700439453125,-0.4534912109375,-26.062009811401367,79.4677734375,-95.15380096435547,2,gustav
1772894640.175585,0.4349365234375,-0.7744140625,-0.3564453125,-21.667478561401367,80.99364471435547,-90.75926971435547,2,gustav
1772894640.175585,0.3607177734375,-0.7447509765625,-0.4586181640625,-16.6015625,81.17675018310547,-99.36522674560547,2,gustav
1772894640.175585,0.2318115234375,-0.8231201171875,-0.499755859375,6.652831554412842,82.33641815185547,-100.58592987060547,2,gustav
1772894640.2432485,0.156494140625,-0.7069091796875,-0.535888671875,6.713866710662842,80.87157440185547,-102.11180877685547,2,gustav
1772894640.302576,0.01025390625,-0.992431640625,-0.583251953125,18.73779296875,81.60399627685547,-94.84862518310547,2,gustav
1772894640.302576,0.0693359375,-0.8016357421875,-0.50732421875,-5.859374523162842,83.74022674560547,-86.18163299560547,2,gustav
1772894640.4836287,-0.08544921875,-0.9254150390625,-0.5545654296875,-7.263183116912842,79.52880859375,-89.53856658935547,2,gustav
1772894640.4836287,-0.1463623046875,-0.8944091796875,-0.4893798828125,-14.953612327575684,83.12987518310547,-82.88573455810547,2,gustav
1772894640.4836287,-0.2166748046875,-0.830810546875,-0.59326171875,-20.690916061401367,75.927734375,-88.68407440185547,2,gustav
1772894640.541881,-0.345703125,-0.868896484375,-0.4254150390625,-8.36181640625,77.08740234375,-85.26610565185547,2,gustav
1772894640.541881,-0.319580078125,-0.7515869140625,-0.5909423828125,-11.352538108825684,71.77734375,-91.67479705810547,2,gustav
1772894640.541881,-0.505859375,-0.845947265625,-0.454833984375,2.0751953125,72.6318359375,-94.11620330810547,2,gustav
1772894640.6048567,-0.4771728515625,-0.7545166015625,-0.49560546875,15.075682640075684,68.42041015625,-92.04100799560547,2,gustav
1772894640.6627102,-0.6204833984375,-0.7701416015625,-0.553466796875,24.902341842651367,64.39208984375,-95.39794158935547,2,gustav
1772894640.6627102,-0.6317138671875,-0.7403564453125,-0.3760986328125,23.254392623901367,64.94140625,-90.27098846435547,2,gustav
1772894640.7239177,-0.6600341796875,-0.727294921875,-0.517822265625,13.305663108825684,60.058589935302734,-89.84374237060547,2,gustav
1772894640.7785525,-0.7650146484375,-0.598388671875,-0.356201171875,9.09423828125,60.485836029052734,-93.68895721435547,2,gustav
1772894640.7785525,-0.7967529296875,-0.6292724609375,-0.3419189453125,-4.2724609375,65.7958984375,-94.29930877685547,2,gustav
1772894640.8414729,-0.8818359375,-0.597412109375,-0.27490234375,-12.512206077575684,65.0634765625,-87.34130096435547,2,gustav
1772894640.9025645,-0.9193115234375,-0.492431640625,-0.1939697265625,-43.090816497802734,79.65087890625,-85.02196502685547,2,gustav
1772894640.9025645,-0.9635009765625,-0.40576171875,-0.138916015625,-66.58935546875,72.44873046875,-104.06493377685547,2,gustav
1772894640.9636364,-1.0118408203125,-0.413330078125,-0.1085205078125,-43.090816497802734,66.7724609375,-108.76464080810547,2,gustav
1772894641.0840154,-1.051025390625,-0.3702392578125,-0.20849609375,-11.901854515075684,59.570308685302734,-110.77880096435547,2,gustav
1772894641.0840154,-1.0211181640625,-0.3463134765625,-0.1661376953125,23.071287155151367,44.799800872802734,-87.46337127685547,2,gustav
1772894641.2637205,-1.0281982421875,-0.3673095703125,-0.166015625,36.9873046875,31.311033248901367,-59.753414154052734,2,gustav
1772894641.2637205,-1.005126953125,-0.3670654296875,-0.1488037109375,29.052732467651367,18.1884765625,-30.578611373901367,2,gustav
1772894641.2637205,-1.009521484375,-0.3240966796875,-0.109619140625,16.6015625,12.329100608825684,-13.061522483825684,2,gustav
1772894641.2637205,-1.0018310546875,-0.3267822265625,-0.1173095703125,2.44140625,0.3662109076976776,5.187987804412842,2,gustav
1772894641.321176,-1.0361328125,-0.3572998046875,-0.19921875,6.042479991912842,-37.841796875,61.401363372802734,2,gustav
1772894641.3815434,-1.0355224609375,-0.3800048828125,-0.1993408203125,6.042479991912842,-51.391597747802734,81.05467987060547,2,gustav
1772894641.3815434,-1.05224609375,-0.450439453125,-0.2781982421875,4.45556640625,-64.14794921875,99.24315643310547,2,gustav
1772894641.4443057,-1.040771484375,-0.4986572265625,-0.3006591796875,-0.9155272841453552,-76.59912109375,118.40819549560547,2,gustav
1772894641.5641782,-0.982421875,-0.5626220703125,-0.301513671875,2.25830078125,-87.89061737060547,128.2958984375,2,gustav
1772894641.5641782,-0.961181640625,-0.6865234375,-0.3616943359375,-17.2119140625,-93.93309783935547,129.45556640625,2,gustav
1772894641.5651646,-0.9169921875,-0.6551513671875,-0.35595703125,-14.770506858825684,-98.81591033935547,139.34326171875,2,gustav
1772894641.5667317,-0.864990234375,-0.7227783203125,-0.421875,-20.263669967651367,-106.56737518310547,143.798828125,2,gustav
1772894641.6837912,-0.7789306640625,-0.7734375,-0.44677734375,-6.774901866912842,-109.74120330810547,148.681640625,2,gustav
1772894641.6837912,-0.682373046875,-0.7862548828125,-0.4781494140625,15.563963890075684,-113.58641815185547,149.0478515625,2,gustav
1772894641.7434464,-0.5333251953125,-0.842529296875,-0.4420166015625,28.747556686401367,-117.49266815185547,147.3388671875,2,gustav
1772894641.7434464,-0.4344482421875,-0.9056396484375,-0.550048828125,25.207517623901367,-119.87303924560547,148.86474609375,2,gustav
1772894641.8056128,-0.2796630859375,-0.8662109375,-0.462646484375,10.253905296325684,-121.52098846435547,150.93994140625,2,gustav
1772894641.9233685,-0.1846923828125,-0.8369140625,-0.51318359375,2.0751953125,-120.11717987060547,149.658203125,2,gustav
1772894641.9253848,-0.027587890625,-0.792236328125,-0.456298828125,-5.432128429412842,-116.27196502685547,145.8740234375,2,gustav
1772894641.9253848,0.034423828125,-0.7916259765625,-0.538330078125,-9.27734375,-111.20604705810547,140.80810546875,2,gustav
1772894641.983205,0.1754150390625,-0.726806640625,-0.4525146484375,8.4228515625,-107.60497283935547,143.798828125,2,gustav
1772894641.983205,0.3642578125,-0.6883544921875,-0.4791259765625,10.925292015075684,-110.41259002685547,141.90673828125,2,gustav
1772894642.0431376,0.4090576171875,-0.6533203125,-0.3641357421875,12.573241233825684,-107.11669158935547,142.63916015625,2,gustav
1772894642.1035445,0.5933837890625,-0.3233642578125,-0.2213134765625,7.446288585662842,-106.20116424560547,123.35204315185547,2,gustav
1772894642.1035445,0.5748291015625,-0.3436279296875,-0.1336669921875,-2.3193359375,-83.43505096435547,87.76854705810547,2,gustav
1772894642.1641247,0.73876953125,-0.1845703125,0.1207275390625,-0.9155272841453552,-44.616695404052734,47.485347747802734,2,gustav
1772894642.2249637,0.7779541015625,-0.117919921875,-0.00634765625,-7.446288585662842,-15.930174827575684,1.4038084745407104,2,gustav
1772894642.2249637,0.72509765625,-0.328125,0.011962890625,4.69970703125,13.610838890075684,-31.738279342651367,2,gustav
1772894642.284031,0.7265625,-0.3780517578125,0.010986328125,-2.25830078125,45.349117279052734,-57.739253997802734,2,gustav
1772894642.284031,0.69189453125,-0.47509765625,-0.1524658203125,-7.568358898162842,62.194820404052734,-75.439453125,2,gustav
1772894642.5202532,0.669921875,-0.588623046875,-0.19189453125,-13.000487327575684,75.01220703125,-88.56200408935547,2,gustav
1772894642.5202532,0.60107421875,-0.645751953125,-0.3438720703125,-43.334957122802734,82.03124237060547,-94.84862518310547,2,gustav
1772894642.5202532,0.5155029296875,-0.696044921875,-0.3779296875,-46.569820404052734,76.47705078125,-102.53905487060547,2,gustav
1772894642.5202532,0.4296875,-0.7440185546875,-0.4278564453125,-42.297359466552734,75.37841796875,-105.46874237060547,2,gustav
1772894642.6428053,0.1778564453125,-0.838623046875,-0.4814453125,20.446775436401367,73.1201171875,-109.80223846435547,2,gustav
1772894642.6428053,0.0478515625,-0.9599609375,-0.4254150390625,13.549803733825684,78.43017578125,-103.75975799560547,2,gustav
1772894642.703157,0.0177001953125,-0.769775390625,-0.412841796875,-13.122557640075684,74.70703125,-108.09325408935547,2,gustav
1772894642.703157,-0.106689453125,-0.9759521484375,-0.5135498046875,-3.479003667831421,73.30322265625,-109.00878143310547,2,gustav
1772894642.7639463,-0.1728515625,-0.8238525390625,-0.3544921875,-9.033203125,75.68359375,-106.99462127685547,2,gustav
1772894642.7639463,-0.278076171875,-0.9296875,-0.514404296875,10.864256858825684,71.10595703125,-108.70360565185547,2,gustav
1772894642.8253028,-0.357177734375,-0.9112548828125,-0.38720703125,1.7700194120407104,75.25634765625,-106.01805877685547,2,gustav
1772894642.8838217,-0.4244384765625,-0.7750244140625,-0.5211181640625,15.991209983825684,66.10107421875,-111.93846893310547,2,gustav
1772894642.8838217,-0.537109375,-0.85546875,-0.3743896484375,24.047849655151367,72.32666015625,-112.60985565185547,2,gustav
1772894642.941956,-0.5753173828125,-0.71630859375,-0.426513671875,18.98193359375,68.84765625,-108.39842987060547,2,gustav
1772894643.0002422,-0.722900390625,-0.849365234375,-0.4552001953125,36.80419921875,66.7724609375,-103.02733612060547,2,gustav
1772894643.0002422,-0.6785888671875,-0.71337890625,-0.364013671875,20.141599655151367,69.51904296875,-95.21483612060547,2,gustav
1772894643.0646484,-0.7843017578125,-0.7105712890625,-0.5074462890625,32.470703125,62.499996185302734,-93.38378143310547,2,gustav
1772894643.1829143,-0.837158203125,-0.6424560546875,-0.3143310546875,38.63525390625,65.24658203125,-86.36473846435547,2,gustav
1772894643.1829143,-0.8323974609375,-0.6021728515625,-0.394287109375,36.1328125,64.94140625,-81.17675018310547,2,gustav
1772894643.1859891,-0.9139404296875,-0.5885009765625,-0.3856201171875,30.517576217651367,60.852046966552734,-75.62255859375,2,gustav
1772894643.241855,-0.84033203125,-0.4412841796875,-0.2093505859375,19.22607421875,61.218257904052734,-75.439453125,2,gustav
1772894643.241855,-0.943115234375,-0.46533203125,-0.3031005859375,17.2119140625,57.312007904052734,-75.68359375,2,gustav
1772894643.4245791,-0.976318359375,-0.4312744140625,-0.41552734375,32.3486328125,39.61181640625,-59.143062591552734,2,gustav
1772894643.4826066,-0.959228515625,-0.298095703125,-0.218017578125,22.338865280151367,37.7197265625,-48.950191497802734,2,gustav
1772894643.54109,-0.9647216796875,-0.2911376953125,-0.238525390625,31.372068405151367,34.24072265625,-45.776363372802734,2,gustav
1772894643.6023462,-1.0040283203125,-0.4100341796875,-0.3714599609375,31.433103561401367,18.49365234375,-26.000974655151367,2,gustav
1772894643.6577656,-0.95068359375,-0.30078125,-0.2125244140625,17.578125,9.70458984375,-9.6435546875,2,gustav
1772894643.6577656,-0.9566650390625,-0.37890625,-0.260009765625,-3.906249761581421,-4.638671875,17.02880859375,2,gustav
1772894643.6577656,-0.9375,-0.295166015625,-0.1767578125,-10.009765625,-9.765625,24.719236373901367,2,gustav
1772894643.6659787,-0.939453125,-0.333740234375,-0.2259521484375,-32.1044921875,-8.7890625,28.991697311401367,2,gustav
1772894643.6659787,-0.9384765625,-0.2965087890625,-0.1793212890625,-29.846189498901367,-10.437010765075684,28.808591842651367,2,gustav
1772894643.7217693,-0.9237060546875,-0.2772216796875,-0.166015625,-29.724119186401367,-11.047362327575684,23.498533248901367,2,gustav
1772894643.8441093,-0.912353515625,-0.2894287109375,-0.1885986328125,-28.320310592651367,-11.474608421325684,20.690916061401367,2,gustav
1772894643.9619396,-0.9141845703125,-0.3043212890625,-0.1279296875,-23.315427780151367,-9.6435546875,16.90673828125,2,gustav
1772894643.9619396,-0.8780517578125,-0.32763671875,-0.1766357421875,-11.962889671325684,-5.798339366912842,10.131834983825684,2,gustav
1772894643.9619396,-0.88818359375,-0.33935546875,-0.1785888671875,1.5258787870407104,-7.263183116912842,7.080077648162842,2,gustav
