time,ax,ay,az,gx,gy,gz,label,person
1772895820.7607853,-0.962890625,0.1151123046875,0.08349609375,-5.615233898162842,24.658201217651367,24.414060592651367,4,gustav
1772895820.7898414,-0.9888916015625,0.0703125,0.0692138671875,-12.451170921325684,16.78466796875,25.878904342651367,4,gustav
1772895820.8441007,-0.975341796875,0.10205078125,0.0697021484375,-4.45556640625,4.45556640625,24.230955123901367,4,gustav
1772895820.8723776,-1.0155029296875,0.072265625,0.03076171875,1.03759765625,-6.103515148162842,12.390135765075684,4,gustav
1772895820.9256465,-1.04150390625,-0.013916015625,-0.0079345703125,3.479003667831421,-7.873534679412842,-0.6103515625,4,gustav
1772895820.9508905,-1.1236572265625,0.0284423828125,-0.009765625,2.868652105331421,9.8876953125,-18.310546875,4,gustav
1772895820.9851322,-1.0103759765625,0.0906982421875,0.074951171875,1.7700194120407104,14.709471702575684,-8.85009765625,4,gustav
1772895821.0399668,-0.9764404296875,0.095947265625,0.032470703125,6.469726085662842,11.657713890075684,11.291502952575684,4,gustav
1772895821.060392,-0.94384765625,0.0908203125,0.0587158203125,13.916014671325684,8.11767578125,33.0810546875,4,gustav
1772895821.1053941,-0.9075927734375,0.1087646484375,0.0855712890625,12.390135765075684,3.479003667831421,43.334957122802734,4,gustav
1772895821.2387905,-0.8607177734375,-0.029052734375,0.0479736328125,12.878417015075684,5.859374523162842,35.5224609375,4,gustav
1772895821.2387905,-0.8218994140625,-0.0750732421875,0.0303955078125,0.6103515625,3.601073980331421,-11.413573265075684,4,gustav
1772895821.2387905,-0.94970703125,-0.0380859375,0.0325927734375,25.329587936401367,-14.343260765075684,-49.438472747802734,4,gustav
1772895821.3014321,-1.0645751953125,-0.0274658203125,0.01416015625,39.0625,-27.954099655151367,-53.344722747802734,4,gustav
1772895821.3014321,-1.10009765625,-0.01708984375,0.08056640625,16.845703125,-29.541013717651367,-47.363277435302734,4,gustav
1772895821.341072,-1.029052734375,-0.0748291015625,0.0196533203125,10.559081077575684,-18.00537109375,-38.63525390625,4,gustav
1772895821.3761463,-0.956787109375,-0.0428466796875,0.0574951171875,-8.4228515625,-6.896972179412842,-17.822265625,4,gustav
1772895821.4043987,-0.9625244140625,-0.0377197265625,0.105224609375,-8.23974609375,-8.4228515625,-9.58251953125,4,gustav
1772895821.4513903,-1.0047607421875,-0.0357666015625,0.07666015625,2.807616949081421,-15.014647483825684,-8.4228515625,4,gustav
1772895821.526991,-1.0078125,-0.0562744140625,0.08251953125,1.8310545682907104,-13.854979515075684,-11.474608421325684,4,gustav
1772895821.526991,-0.9251708984375,-0.0333251953125,0.081787109375,-6.225585460662842,-5.554198741912842,-11.108397483825684,4,gustav
1772895821.5861783,-0.856201171875,-0.0257568359375,0.0416259765625,-6.286620616912842,-1.9531248807907104,0.8544921278953552,4,gustav
1772895821.5994377,-0.8515625,0.0048828125,0.1077880859375,-3.723144292831421,2.13623046875,10.864256858825684,4,gustav
1772895821.661654,-0.9200439453125,-0.0316162109375,0.01025390625,7.202147960662842,5.065917491912842,7.019042491912842,4,gustav
1772895821.6901567,-0.97900390625,-0.004638671875,0.0625,13.793944358825684,7.812499523162842,1.220703125,4,gustav
1772895821.7437873,-1.020751953125,0.0010986328125,0.023193359375,27.648923873901367,3.723144292831421,-11.718749046325684,4,gustav
1772895821.7521665,-1.017822265625,0.025634765625,-0.022705078125,27.648923873901367,-3.356933355331421,-21.545408248901367,4,gustav
1772895821.7959213,-1.0675048828125,0.0145263671875,0.0755615234375,2.624511480331421,-11.657713890075684,-50.048824310302734,4,gustav
1772895821.8850625,-1.050537109375,0.1575927734375,-0.0167236328125,-11.901854515075684,-2.746581792831421,-42.968746185302734,4,gustav
1772895821.8850625,-0.99951171875,0.1781005859375,0.0113525390625,-23.193357467651367,2.38037109375,-0.0610351525247097,4,gustav
1772895821.944769,-0.987060546875,0.2127685546875,-0.0341796875,-13.671874046325684,4.7607421875,19.59228515625,4,gustav
1772895821.944769,-0.9747314453125,0.1573486328125,-0.020751953125,-4.7607421875,11.413573265075684,20.996091842651367,4,gustav
1772895822.128096,-0.9530029296875,0.1778564453125,-0.0279541015625,0.2441406100988388,10.437010765075684,21.667478561401367,4,gustav
1772895822.192163,-0.9212646484375,0.1466064453125,-0.017333984375,0.3662109076976776,7.385253429412842,22.399900436401367,4,gustav
1772895822.312567,-0.925048828125,0.0892333984375,0.001220703125,-12.023924827575684,5.310058116912842,12.145995140075684,4,gustav
1772895822.312567,-0.946044921875,0.0892333984375,-0.008056640625,-27.343748092651367,5.493163585662842,2.01416015625,4,gustav
1772895822.312567,-0.9630126953125,0.06689453125,0.011474609375,-32.04345703125,4.150390625,-4.0283203125,4,gustav
1772895822.3147624,-1.0263671875,0.0697021484375,0.021484375,-14.282225608825684,0.8544921278953552,-2.807616949081421,4,gustav
1772895822.3686,-1.09033203125,0.0814208984375,0.0233154296875,-3.295898199081421,0.30517578125,3.906249761581421,4,gustav
1772895822.3686,-1.166748046875,0.119140625,-0.0203857421875,3.112792730331421,1.7700194120407104,4.69970703125,4,gustav
1772895822.428667,-1.23876953125,0.134033203125,-0.0028076171875,11.108397483825684,0.9765624403953552,14.099120140075684,4,gustav
1772895822.487742,-1.3560791015625,0.1932373046875,-0.0445556640625,11.657713890075684,0.7324218153953552,33.99658203125,4,gustav
1772895822.4938035,-1.303955078125,0.1102294921875,-0.031494140625,10.131834983825684,-1.8310545682907104,66.89453125,4,gustav
1772895822.551113,-1.40673828125,-0.0150146484375,0.0023193359375,4.638671875,-3.356933355331421,98.44969940185547,4,gustav
1772895822.6718879,-1.3172607421875,-0.1314697265625,-0.00341796875,-11.535643577575684,-0.6713866591453552,126.22069549560547,4,gustav
1772895822.6718879,-1.31884765625,-0.2950439453125,0.02587890625,-18.4326171875,5.737304210662842,116.21092987060547,4,gustav
1772895822.6718879,-1.041748046875,-0.2490234375,0.0855712890625,-35.15625,12.756346702575684,94.84862518310547,4,gustav
1772895822.7267056,-0.88330078125,-0.442626953125,0.047607421875,-30.761716842651367,6.652831554412842,77.69775390625,4,gustav
1772895822.7928412,-0.7677001953125,-0.2989501953125,0.1575927734375,-38.2080078125,6.103515148162842,55.786128997802734,4,gustav
1772895822.7928412,-0.666748046875,-0.426513671875,0.1005859375,-16.17431640625,2.38037109375,40.710445404052734,4,gustav
1772895822.8517056,-0.671142578125,-0.414306640625,0.130859375,-17.578125,3.051757574081421,24.597166061401367,4,gustav
1772895822.9083252,-0.587890625,-0.37646484375,0.07861328125,10.620116233825684,-2.25830078125,13.244627952575684,4,gustav
1772895822.9083252,-0.61962890625,-0.322998046875,0.0638427734375,19.59228515625,0.0,-0.7324218153953552,4,gustav
1772895822.9724555,-0.6024169921875,-0.2215576171875,0.018310546875,29.541013717651367,4.150390625,-18.6767578125,4,gustav
1772895823.0288012,-0.6002197265625,-0.2615966796875,0.0047607421875,46.997066497802734,-4.150390625,-26.794431686401367,4,gustav
1772895823.0919228,-0.408935546875,-0.16259765625,0.070556640625,29.968259811401367,0.3662109076976776,-27.587888717651367,4,gustav
1772895823.0919228,-0.29052734375,-0.1617431640625,0.057373046875,10.498045921325684,-3.601073980331421,-18.06640625,4,gustav
1772895823.0935438,-0.3692626953125,-0.2550048828125,0.04736328125,7.385253429412842,4.08935546875,-11.474608421325684,4,gustav
1772895823.1520681,-0.49755859375,-0.2181396484375,0.048095703125,-25.756834030151367,17.02880859375,-10.803221702575684,4,gustav
1772895823.2105556,-0.5587158203125,-0.25830078125,0.1168212890625,-30.151365280151367,16.11328125,-11.535643577575684,4,gustav
1772895823.2105556,-0.677490234375,-0.3624267578125,0.06103515625,-23.925779342651367,18.37158203125,-20.507810592651367,4,gustav
1772895823.3278623,-0.68359375,-0.2181396484375,0.0755615234375,-18.85986328125,8.6669921875,-28.015134811401367,4,gustav
1772895823.3278623,-0.8594970703125,-0.2857666015625,0.025146484375,4.0283203125,-4.39453125,-55.236812591552734,4,gustav
1772895823.3278623,-0.9610595703125,-0.3048095703125,0.061767578125,5.187987804412842,-11.779784202575684,-68.2373046875,4,gustav
1772895823.3907156,-1.0760498046875,-0.1973876953125,0.0587158203125,8.4228515625,-25.329587936401367,-84.35057830810547,4,gustav
1772895823.4511967,-1.2564697265625,-0.2894287109375,0.06689453125,-8.60595703125,-22.155759811401367,-92.95653533935547,4,gustav
1772895823.452947,-1.201416015625,-0.0841064453125,0.007568359375,-8.30078125,-19.71435546875,-99.67040252685547,4,gustav
1772895823.561525,-1.2884521484375,-0.17529296875,0.0230712890625,2.01416015625,-20.507810592651367,-84.41161346435547,4,gustav
1772895823.561525,-1.2073974609375,0.0238037109375,0.0684814453125,-2.38037109375,-26.062009811401367,-68.42041015625,4,gustav
1772895823.691352,-1.27001953125,-0.0567626953125,-0.1116943359375,17.39501953125,-30.395505905151367,-44.128414154052734,4,gustav
1772895823.691352,-1.0390625,0.0931396484375,0.0262451171875,-4.5166015625,-16.66259765625,-31.433103561401367,4,gustav
1772895823.691352,-1.2135009765625,0.0274658203125,-0.125732421875,-0.9765624403953552,-9.70458984375,-27.221677780151367,4,gustav
1772895823.7514296,-0.9136962890625,0.15087890625,-0.0177001953125,-16.29638671875,-19.10400390625,-25.573728561401367,4,gustav
1772895823.7514296,-1.199462890625,0.1209716796875,-0.1688232421875,-19.34814453125,-20.568845748901367,-31.738279342651367,4,gustav
1772895823.8126402,-1.109375,0.2403564453125,-0.0784912109375,-24.841306686401367,-14.526366233825684,-24.597166061401367,4,gustav
1772895824.052286,-1.16162109375,0.1839599609375,-0.0872802734375,-23.071287155151367,-16.78466796875,-18.6767578125,4,gustav
1772895824.053025,-1.138427734375,0.2305908203125,-0.0985107421875,-22.460935592651367,-10.559081077575684,-11.413573265075684,4,gustav
1772895824.053025,-1.0894775390625,0.1986083984375,-0.0546875,-25.573728561401367,-2.685546636581421,2.624511480331421,4,gustav
1772895824.0547607,-1.0794677734375,0.1416015625,-0.0513916015625,-18.310546875,9.033203125,34.3017578125,4,gustav
1772895824.1119034,-1.151611328125,-0.01708984375,-0.0433349609375,-3.784179449081421,17.63916015625,61.889644622802734,4,gustav
1772895824.2837157,-1.195068359375,-0.0048828125,-0.0361328125,5.432128429412842,22.766111373901367,71.22802734375,4,gustav
1772895824.2837157,-1.1387939453125,0.0093994140625,-0.0482177734375,-1.5258787870407104,22.827146530151367,73.974609375,4,gustav
1772895824.2837157,-1.2137451171875,-0.1646728515625,-0.0545654296875,15.991209983825684,22.033689498901367,80.56639862060547,4,gustav
1772895824.349651,-1.3243408203125,-0.2210693359375,-0.0712890625,29.357908248901367,33.38623046875,84.89989471435547,4,gustav
1772895824.349651,-1.1552734375,-0.366455078125,-0.0191650390625,33.50830078125,36.865234375,79.9560546875,4,gustav
1772895824.3549027,-1.1033935546875,-0.31640625,-0.0201416015625,45.593257904052734,44.372554779052734,71.35009765625,4,gustav
1772895824.52968,-0.9842529296875,-0.31005859375,-0.017578125,26.367185592651367,33.02001953125,50.781246185302734,4,gustav
1772895824.52968,-0.9273681640625,-0.4005126953125,0.01806640625,18.49365234375,33.26416015625,31.005857467651367,4,gustav
1772895824.52968,-0.8609619140625,-0.412353515625,0.0347900390625,6.225585460662842,28.869626998901367,9.27734375,4,gustav
1772895824.52968,-0.73583984375,-0.40966796875,0.099853515625,2.929687261581421,23.864744186401367,-12.145995140075684,4,gustav
1772895824.591375,-0.6173095703125,-0.37060546875,0.1064453125,-6.164550304412842,15.380858421325684,-32.2265625,4,gustav
1772895824.591375,-0.5179443359375,-0.3045654296875,0.1060791015625,-0.30517578125,4.150390625,-41.809078216552734,4,gustav
1772895824.6532018,-0.3670654296875,-0.22998046875,0.09912109375,1.4038084745407104,-12.084959983825684,-38.39111328125,4,gustav
1772895824.711597,-0.2733154296875,-0.1590576171875,0.1217041015625,2.44140625,-22.216794967651367,-23.620603561401367,4,gustav
1772895824.7684257,-0.2713623046875,-0.1502685546875,0.03759765625,-1.2817381620407104,-19.8974609375,-11.413573265075684,4,gustav
1772895824.830176,-0.339111328125,-0.0985107421875,0.019775390625,-9.94873046875,-14.892577171325684,-2.990722417831421,4,gustav
1772895824.830176,-0.494873046875,-0.244384765625,0.0631103515625,-17.76123046875,-6.652831554412842,5.493163585662842,4,gustav
1772895824.830176,-0.63330078125,-0.260986328125,0.10546875,-16.66259765625,-10.925292015075684,11.718749046325684,4,gustav
1772895824.891385,-0.7353515625,-0.3626708984375,0.12060546875,-15.014647483825684,-12.634276390075684,8.7890625,4,gustav
1772895824.9478068,-0.87353515625,-0.360595703125,0.0992431640625,-18.1884765625,-14.160155296325684,0.7324218153953552,4,gustav
1772895825.012011,-0.932861328125,-0.4208984375,0.02783203125,-19.1650390625,-12.023924827575684,-4.69970703125,4,gustav
1772895825.012011,-0.891845703125,-0.3380126953125,0.1455078125,-25.817869186401367,-7.507323741912842,-12.390135765075684,4,gustav
1772895825.069269,-1.022216796875,-0.3267822265625,0.0399169921875,-31.860349655151367,-4.0283203125,-36.07177734375,4,gustav
1772895825.1911125,-0.928955078125,-0.2376708984375,0.2039794921875,-29.602048873901367,-5.432128429412842,-37.65869140625,4,gustav
1772895825.1911125,-1.1083984375,-0.2667236328125,-0.021240234375,-11.108397483825684,-11.169432640075684,-53.710933685302734,4,gustav
1772895825.1938124,-0.8892822265625,-0.1954345703125,0.12109375,-7.141112804412842,-15.197752952575684,-47.424312591552734,4,gustav
1772895825.4280212,-1.1612548828125,-0.173095703125,0.07421875,13.916014671325684,-22.216794967651367,-63.171382904052734,4,gustav
1772895825.4280212,-0.946044921875,-0.186767578125,-0.051025390625,23.681638717651367,-29.174802780151367,-33.63037109375,4,gustav
1772895825.4280212,-1.2113037109375,-0.287841796875,0.0338134765625,33.63037109375,-20.446775436401367,-56.579586029052734,4,gustav
1772895825.4280212,-1.0150146484375,-0.179931640625,-0.0687255859375,25.024412155151367,-18.798828125,-47.851558685302734,4,gustav
1772895825.4938092,-0.9091796875,-0.08544921875,-0.061279296875,2.25830078125,-12.512206077575684,-47.119136810302734,4,gustav
1772895825.6607375,-1.1182861328125,-0.0447998046875,-0.060791015625,-14.648436546325684,-14.648436546325684,-40.649410247802734,4,gustav
1772895825.6607375,-1.2322998046875,0.2567138671875,-0.0640869140625,-15.319823265075684,-7.812499523162842,-25.878904342651367,4,gustav
1772895825.6607375,-0.98779296875,0.1787109375,-0.1341552734375,-15.014647483825684,-12.145995140075684,12.084959983825684,4,gustav
1772895825.6607375,-1.1773681640625,0.146484375,-0.1136474609375,-13.000487327575684,-5.676269054412842,-4.82177734375,4,gustav
1772895825.6763449,-1.018798828125,0.1595458984375,-0.1083984375,13.427733421325684,-2.13623046875,-2.807616949081421,4,gustav
1772895825.9721382,-1.0068359375,0.1256103515625,-0.0626220703125,22.827146530151367,-1.5869139432907104,-1.220703125,4,gustav
1772895826.2720006,-1.0400390625,0.0830078125,-0.0494384765625,13.061522483825684,1.8920897245407104,3.967284917831421,4,gustav
1772895826.2720006,-1.087890625,0.10693359375,-0.067138671875,6.225585460662842,7.568358898162842,13.305663108825684,4,gustav
1772895826.2720006,-1.1595458984375,0.096923828125,-0.0614013671875,10.009765625,8.30078125,17.9443359375,4,gustav
1772895826.3306508,-1.2646484375,0.052001953125,-0.0572509765625,16.29638671875,16.17431640625,52.185054779052734,4,gustav
1772895826.43871,-1.2464599609375,-0.1541748046875,-0.020751953125,6.103515148162842,28.503416061401367,87.95165252685547,4,gustav
1772895826.43871,-0.671630859375,-0.38525390625,0.1151123046875,12.023924827575684,29.113767623901367,-13.671874046325684,4,gustav
1772895826.43871,-0.4468994140625,-0.3270263671875,0.0872802734375,0.4272460639476776,25.817869186401367,-28.991697311401367,4,gustav
1772895826.4542863,-0.3355712890625,-0.2166748046875,0.14111328125,-6.347655773162842,14.709471702575684,-31.188962936401367,4,gustav
1772895826.6910853,-0.3095703125,-0.171875,0.1177978515625,-24.780271530151367,0.8544921278953552,-8.97216796875,4,gustav
1772895826.6910853,-0.3778076171875,-0.1058349609375,0.0455322265625,-24.169919967651367,-0.6103515625,1.4038084745407104,4,gustav
1772895826.6939118,-0.4437255859375,-0.1197509765625,0.0057373046875,-15.197752952575684,-5.249022960662842,10.009765625,4,gustav
1772895826.6939118,-0.5699462890625,-0.204833984375,0.1209716796875,-5.615233898162842,-11.169432640075684,10.925292015075684,4,gustav
1772895826.7498553,-0.8336181640625,-0.408447265625,0.1265869140625,-16.66259765625,-23.681638717651367,6.774901866912842,4,gustav
1772895826.7498553,-0.926513671875,-0.3668212890625,0.11572265625,-29.479978561401367,-21.606443405151367,-0.3662109076976776,4,gustav
1772895826.873214,-0.8829345703125,-0.3822021484375,0.1522216796875,-37.78076171875,-17.39501953125,-8.36181640625,4,gustav
1772895826.873214,-0.89990234375,-0.3614501953125,0.1080322265625,-32.28759765625,-14.587401390075684,-8.48388671875,4,gustav
1772895826.873214,-0.9197998046875,-0.307373046875,0.175537109375,-31.799314498901367,-13.488768577575684,-23.803709030151367,4,gustav
1772895826.9876685,-0.9339599609375,-0.3564453125,0.1151123046875,-17.822265625,-7.141112804412842,-26.123044967651367,4,gustav
1772895827.0500677,-1.003662109375,-0.2679443359375,0.1353759765625,-18.24951171875,-2.746581792831421,-39.12353515625,4,gustav
1772895827.0500677,-0.99365234375,-0.313232421875,0.0601806640625,-11.230467796325684,-1.2817381620407104,-35.46142578125,4,gustav
1772895827.0500677,-1.1065673828125,-0.16943359375,0.1654052734375,-7.202147960662842,-1.7089842557907104,-51.574703216552734,4,gustav
1772895827.1715586,-1.059814453125,-0.1932373046875,0.0130615234375,-2.807616949081421,-4.638671875,-36.4990234375,4,gustav
1772895827.1715586,-1.2391357421875,-0.1285400390625,0.13037109375,7.263183116912842,-8.85009765625,-49.011226654052734,4,gustav
1772895827.1743155,-1.0240478515625,-0.150146484375,-0.0474853515625,8.36181640625,-15.624999046325684,-34.0576171875,4,gustav
1772895827.228788,-1.12744140625,-0.00732421875,0.124755859375,6.286620616912842,-8.544921875,-60.974117279052734,4,gustav
1772895827.228788,-0.9569091796875,-0.0654296875,-0.057861328125,0.4882812201976776,-21.240232467651367,-37.7197265625,4,gustav
1772895827.351979,-1.1534423828125,-0.0333251953125,0.012451171875,3.051757574081421,-17.7001953125,-44.799800872802734,4,gustav
1772895827.352709,-0.9281005859375,0.004638671875,-0.0406494140625,4.8828125,-22.155759811401367,-30.212400436401367,4,gustav
1772895827.3535738,-1.0811767578125,-0.054443359375,0.01025390625,3.356933355331421,-24.230955123901367,-40.283199310302734,4,gustav
1772895827.408134,-0.901611328125,0.011474609375,-0.0380859375,0.7324218153953552,-21.362302780151367,-31.677244186401367,4,gustav
1772895827.6502604,-0.9012451171875,-0.0355224609375,-0.037353515625,-11.291502952575684,-34.48486328125,-35.21728515625,4,gustav
1772895827.8310516,-1.09814453125,0.0792236328125,-0.03515625,-37.7197265625,-27.465818405151367,-39.73388671875,4,gustav
1772895827.8938632,-1.271240234375,0.123779296875,-0.041259765625,-46.630855560302734,-10.192870140075684,-21.545408248901367,4,gustav
1772895827.8938632,-1.1092529296875,0.2154541015625,-0.06982421875,-26.062009811401367,-11.657713890075684,-4.69970703125,4,gustav
1772895827.9475389,-1.1632080078125,0.1971435546875,-0.1002197265625,4.21142578125,1.5258787870407104,9.09423828125,4,gustav
1772895827.9475389,-1.208984375,0.1453857421875,-0.0841064453125,18.00537109375,14.038084983825684,36.31591796875,4,gustav
1772895827.9475389,-1.155029296875,-0.243896484375,0.01708984375,6.164550304412842,43.579097747802734,102.53905487060547,4,gustav
1772895828.013914,-1.0303955078125,-0.1973876953125,-0.0670166015625,24.230955123901367,43.823238372802734,78.55224609375,4,gustav
1772895828.2501478,-0.9920654296875,-0.2418212890625,-0.00537109375,24.047849655151367,37.59765625,62.622066497802734,4,gustav
1772895828.2501478,-1.03515625,-0.2755126953125,0.020751953125,39.9169921875,34.7900390625,52.551265716552734,4,gustav
1772895828.2501478,-0.9866943359375,-0.3095703125,0.0335693359375,32.04345703125,22.094724655151367,41.931148529052734,4,gustav
1772895828.3073058,-1.0828857421875,-0.4837646484375,0.0321044921875,35.09521484375,15.136717796325684,31.555173873901367,4,gustav
1772895828.3130505,-0.8072509765625,-0.5166015625,0.0738525390625,6.591796398162842,10.253905296325684,-4.5166015625,4,gustav
1772895828.3130505,-0.4586181640625,-0.3323974609375,0.1710205078125,21.362302780151367,-6.896972179412842,-44.311519622802734,4,gustav
1772895828.5502846,-0.351318359375,-0.22705078125,0.152587890625,24.780271530151367,-7.629394054412842,-31.311033248901367,4,gustav
1772895828.5502846,-0.21728515625,-0.173095703125,0.0994873046875,15.441893577575684,-2.25830078125,-14.953612327575684,4,gustav
1772895828.552742,-0.227783203125,-0.138916015625,-0.036376953125,4.82177734375,-3.845214605331421,-4.7607421875,4,gustav
1772895828.5543017,-0.3602294921875,-0.141357421875,0.0721435546875,-19.4091796875,-0.1831054538488388,4.21142578125,4,gustav
1772895828.611098,-0.7120361328125,-0.353271484375,-0.0240478515625,-15.747069358825684,-16.78466796875,1.6479490995407104,4,gustav
1772895828.611098,-0.8778076171875,-0.386474609375,0.0780029296875,-10.986327171325684,-29.418943405151367,-1.5258787870407104,4,gustav
1772895828.6707797,-0.9901123046875,-0.451904296875,0.1246337890625,-23.193357467651367,-28.625486373901367,-1.8920897245407104,4,gustav
1772895828.7877796,-0.9693603515625,-0.4156494140625,0.0833740234375,-33.8134765625,-30.273435592651367,-9.6435546875,4,gustav
1772895828.7877796,-1.01171875,-0.4151611328125,0.2216796875,-40.771480560302734,-21.423337936401367,-17.63916015625,4,gustav
1772895828.7939403,-0.85986328125,-0.423828125,-0.014404296875,-47.973628997802734,-17.39501953125,-18.85986328125,4,gustav
1772895828.9059172,-0.89990234375,-0.2669677734375,0.1834716796875,-37.4755859375,-18.9208984375,-30.334470748901367,4,gustav
1772895828.9059172,-0.8931884765625,-0.36962890625,-0.0726318359375,-25.573728561401367,-17.76123046875,-30.151365280151367,4,gustav
1772895828.9059172,-0.928466796875,-0.2498779296875,0.0284423828125,-19.59228515625,-8.1787109375,-60.241695404052734,4,gustav
1772895828.9720092,-1.032958984375,-0.2490234375,-0.183349609375,11.169432640075684,-27.160642623901367,-79.04052734375,4,gustav
1772895828.9720092,-0.982666015625,-0.134033203125,-0.05029296875,23.254392623901367,-35.21728515625,-83.61815643310547,4,gustav
1772895829.1515353,-1.227783203125,-0.1239013671875,-0.1817626953125,12.756346702575684,-37.4755859375,-83.61815643310547,4,gustav
1772895829.1515353,-1.1585693359375,0.023193359375,-0.0042724609375,-8.4228515625,-40.10009765625,-78.43017578125,4,gustav
1772895829.1515353,-1.23583984375,-0.1256103515625,-0.210205078125,-22.583005905151367,-47.790523529052734,-50.781246185302734,4,gustav
1772895829.1551719,-1.0335693359375,0.160888671875,-0.0677490234375,-39.85595703125,-16.357421875,-53.955074310302734,4,gustav
1772895829.2139244,-1.0631103515625,-0.0291748046875,-0.2969970703125,-33.38623046875,-30.273435592651367,-24.230955123901367,4,gustav
1772895829.2139244,-1.0545654296875,0.2508544921875,-0.1165771484375,-28.381345748901367,-6.591796398162842,-21.850584030151367,4,gustav
1772895829.271438,-0.96533203125,-0.011962890625,-0.2105712890625,-15.136717796325684,-30.639646530151367,-14.404295921325684,4,gustav
1772895829.271438,-1.0975341796875,-0.013916015625,-0.08447265625,-42.602535247802734,-3.173827886581421,-43.762203216552734,4,gustav
1772895829.329775,-1.11279296875,0.16796875,-0.146728515625,-40.405269622802734,-15.258788108825684,-31.494138717651367,4,gustav
1772895829.5099828,-1.1376953125,0.0738525390625,-0.193603515625,-47.546382904052734,-1.7089842557907104,-30.395505905151367,4,gustav
1772895829.5099828,-1.0784912109375,0.25830078125,-0.1207275390625,-34.1796875,-0.0610351525247097,-8.4228515625,4,gustav
1772895829.688856,-1.0999755859375,0.112548828125,-0.256591796875,-11.901854515075684,3.295898199081421,3.051757574081421,4,gustav
1772895829.7464883,-1.05712890625,0.2626953125,-0.2413330078125,19.83642578125,12.084959983825684,3.479003667831421,4,gustav
1772895829.7464883,-1.0323486328125,0.21240234375,-0.272216796875,32.5927734375,12.023924827575684,3.173827886581421,4,gustav
1772895829.8100097,-0.96826171875,0.105224609375,-0.25341796875,22.949216842651367,5.981444835662842,19.8974609375,4,gustav
1772895829.8100097,-1.2611083984375,0.137451171875,-0.1666259765625,19.775390625,10.314940452575684,63.720699310302734,4,gustav
1772895829.8100097,-1.2886962890625,0.119384765625,-0.1448974609375,0.30517578125,46.630855560302734,53.466793060302734,4,gustav
1772895829.8726637,-1.1259765625,0.0323486328125,-0.1417236328125,-7.995604991912842,43.640132904052734,54.748531341552734,4,gustav
1772895829.990235,-1.1607666015625,-0.1607666015625,-0.0390625,23.559568405151367,47.119136810302734,63.415523529052734,4,gustav
1772895830.112542,-1.0843505859375,-0.0426025390625,-0.0460205078125,51.879878997802734,37.2314453125,78.30810546875,4,gustav
1772895830.112542,-1.05908203125,-0.1959228515625,-0.0445556640625,60.852046966552734,29.479978561401367,75.1953125,4,gustav
1772895830.112542,-1.019775390625,-0.407958984375,-0.0374755859375,56.762691497802734,32.16552734375,67.32177734375,4,gustav
1772895830.112542,-1.0631103515625,-0.3702392578125,0.0133056640625,44.250484466552734,41.503902435302734,50.903316497802734,4,gustav
1772895830.1162257,-0.7926025390625,-0.508544921875,0.0611572265625,13.122557640075684,24.414060592651367,28.686521530151367,4,gustav
1772895830.2326117,-0.695068359375,-0.4161376953125,0.184814453125,-11.352538108825684,34.66796875,13.305663108825684,4,gustav
1772895830.2326117,-0.6102294921875,-0.4390869140625,0.0806884765625,-19.95849609375,27.160642623901367,2.38037109375,4,gustav
1772895830.3526552,-0.593017578125,-0.3175048828125,0.144287109375,-20.690916061401367,23.925779342651367,-0.1831054538488388,4,gustav
1772895830.3526552,-0.51123046875,-0.229248046875,0.045654296875,-24.047849655151367,21.850584030151367,-0.9765624403953552,4,gustav
1772895830.3526552,-0.44970703125,-0.15771484375,-0.012939453125,-18.85986328125,7.934569835662842,1.4648436307907104,4,gustav
1772895830.3526552,-0.502197265625,-0.1845703125,0.1083984375,-20.324705123901367,10.314940452575684,-0.7324218153953552,4,gustav
1772895830.5314605,-0.494140625,-0.182373046875,0.0213623046875,-5.065917491912842,6.591796398162842,-0.9155272841453552,4,gustav
1772895830.5314605,-0.525146484375,-0.174560546875,0.0577392578125,-6.835937023162842,-7.629394054412842,0.6103515625,4,gustav
1772895830.586802,-0.5638427734375,-0.1939697265625,0.0428466796875,2.990722417831421,-17.15087890625,8.9111328125,4,gustav
1772895830.586802,-0.68505859375,-0.2978515625,0.098388671875,-8.85009765625,-31.433103561401367,5.920409679412842,4,gustav
1772895830.5948462,-0.7373046875,-0.3907470703125,0.0828857421875,-19.34814453125,-34.7900390625,0.7934569716453552,4,gustav
1772895830.6527007,-0.7838134765625,-0.4298095703125,0.1043701171875,-35.15625,-28.137205123901367,-2.01416015625,4,gustav
1772895830.7719228,-0.8173828125,-0.3388671875,0.1221923828125,-42.907711029052734,-27.648923873901367,-13.427733421325684,4,gustav
1772895830.7719228,-0.9088134765625,-0.484375,0.0439453125,-43.151851654052734,-30.212400436401367,-18.5546875,4,gustav
1772895830.7719228,-0.8870849609375,-0.3299560546875,0.1756591796875,-48.278804779052734,-23.376462936401367,-34.912109375,4,gustav
1772895830.8911674,-0.9630126953125,-0.3726806640625,0.0517578125,-27.832029342651367,-17.2119140625,-40.283199310302734,4,gustav
1772895830.8911674,-0.7930908203125,-0.2384033203125,0.0162353515625,-20.263669967651367,-31.311033248901367,-47.973628997802734,4,gustav
1772895830.8941092,-1.04541015625,-0.33740234375,0.07421875,-2.197265625,-26.306150436401367,-71.10595703125,4,gustav
1772895831.0053504,-1.1007080078125,-0.3311767578125,0.013916015625,-20.01953125,-19.1650390625,-78.125,4,gustav
1772895831.0053504,-1.2069091796875,-0.213134765625,0.0018310546875,-8.544921875,-30.090330123901367,-68.603515625,4,gustav
1772895831.0053504,-1.0350341796875,-0.195556640625,-0.0635986328125,-7.263183116912842,-22.399900436401367,-57.739253997802734,4,gustav
1772895831.072914,-1.212890625,-0.246337890625,-0.0113525390625,5.187987804412842,-36.376953125,-53.955074310302734,4,gustav
1772895831.072914,-1.240966796875,0.019287109375,-0.045166015625,-3.845214605331421,-11.962889671325684,-62.683101654052734,4,gustav
1772895831.1281033,-0.916015625,0.0394287109375,-0.0841064453125,0.3662109076976776,-27.770994186401367,-16.7236328125,4,gustav
1772895831.1908288,-1.14990234375,0.0460205078125,-0.2060546875,-13.122557640075684,-38.51318359375,-49.011226654052734,4,gustav
1772895831.1908288,-1.015869140625,0.1346435546875,-0.158447265625,-25.085447311401367,-22.583005905151367,-53.771968841552734,4,gustav
1772895831.3111644,-1.015380859375,0.1048583984375,-0.1632080078125,-28.808591842651367,-33.63037109375,-50.720211029052734,4,gustav
1772895831.3111644,-1.113037109375,0.30810546875,-0.302490234375,-8.6669921875,-30.151365280151367,-48.706050872802734,4,gustav
1772895831.3111644,-1.0972900390625,0.140380859375,-0.1748046875,-30.029294967651367,-4.7607421875,-1.15966796875,4,gustav
1772895831.3714821,-1.0406494140625,0.2269287109375,-0.2017822265625,-7.934569835662842,-8.97216796875,14.892577171325684,4,gustav
1772895831.432964,-1.074462890625,0.1142578125,-0.1708984375,-7.385253429412842,11.840819358825684,5.920409679412842,4,gustav
1772895831.432964,-1.044677734375,0.177734375,-0.1856689453125,13.793944358825684,9.3994140625,11.413573265075684,4,gustav
1772895831.6062627,-1.099365234375,0.1795654296875,-0.1805419921875,28.015134811401367,10.070799827575684,17.2119140625,4,gustav
1772895831.6062627,-1.14111328125,0.1099853515625,-0.1905517578125,25.817869186401367,15.686034202575684,28.930662155151367,4,gustav
1772895831.6062627,-1.1712646484375,0.1102294921875,-0.1043701171875,15.197752952575684,28.442380905151367,47.973628997802734,4,gustav
1772895831.615246,-1.235107421875,0.0516357421875,-0.09814453125,8.60595703125,35.0341796875,72.021484375,4,gustav
1772895831.6724875,-1.2353515625,-0.034912109375,-0.1160888671875,15.624999046325684,31.494138717651367,78.67431640625,4,gustav
1772895831.6724875,-1.163818359375,-0.0654296875,-0.0477294921875,28.625486373901367,27.648923873901367,78.18603515625,4,gustav
1772895831.7911825,-1.123779296875,-0.1456298828125,-0.1016845703125,41.381832122802734,30.029294967651367,77.08740234375,4,gustav
1772895831.7911825,-1.10205078125,-0.21484375,-0.068115234375,35.09521484375,35.58349609375,75.8056640625,4,gustav
1772895831.7941437,-1.076416015625,-0.218017578125,-0.0211181640625,32.16552734375,34.3017578125,78.91845703125,4,gustav
1772895831.8499844,-1.0291748046875,-0.3082275390625,-0.0404052734375,20.080564498901367,31.738279342651367,71.77734375,4,gustav
1772895832.0282698,-1.0697021484375,-0.383544921875,0.028076171875,11.657713890075684,34.3017578125,63.415523529052734,4,gustav
1772895832.0282698,-1.0576171875,-0.41162109375,0.050048828125,9.27734375,32.8369140625,65.673828125,4,gustav
1772895832.0857406,-0.9666748046875,-0.4031982421875,0.02685546875,1.5258787870407104,28.198240280151367,57.861324310302734,4,gustav
1772895832.0857406,-0.9771728515625,-0.520263671875,0.109130859375,1.8920897245407104,29.724119186401367,41.442867279052734,4,gustav
1772895832.0857406,-0.758056640625,-0.4744873046875,0.056396484375,4.33349609375,31.127927780151367,5.798339366912842,4,gustav
1772895832.094084,-0.671630859375,-0.3502197265625,0.1641845703125,12.573241233825684,40.588375091552734,-18.1884765625,4,gustav
1772895832.1494534,-0.46826171875,-0.2288818359375,0.1297607421875,15.380858421325684,34.7900390625,-26.916501998901367,4,gustav
1772895832.2730534,-0.4696044921875,-0.290771484375,0.078369140625,20.01953125,17.15087890625,-25.573728561401367,4,gustav
1772895832.2730534,-0.420654296875,-0.2747802734375,0.1175537109375,2.50244140625,10.131834983825684,-15.624999046325684,4,gustav
1772895832.2730534,-0.3818359375,-0.261962890625,0.0721435546875,-6.408690929412842,0.7934569716453552,-6.530761241912842,4,gustav
1772895832.333421,-0.4052734375,-0.2060546875,0.0699462890625,-16.2353515625,-6.835937023162842,5.981444835662842,4,gustav
1772895832.333421,-0.408203125,-0.22021484375,0.0574951171875,-26.123044967651367,-13.183592796325684,13.549803733825684,4,gustav
1772895832.4518194,-0.523193359375,-0.3106689453125,0.039794921875,-18.798828125,-25.146482467651367,17.15087890625,4,gustav
1772895832.4518194,-0.58544921875,-0.3162841796875,0.1129150390625,-20.263669967651367,-31.066892623901367,19.1650390625,4,gustav
1772895832.4518194,-0.6417236328125,-0.3758544921875,0.057373046875,-15.441893577575684,-42.358394622802734,19.10400390625,4,gustav
1772895832.505707,-0.7147216796875,-0.4813232421875,0.097900390625,-23.254392623901367,-37.841796875,11.718749046325684,4,gustav
1772895832.5692573,-0.6591796875,-0.35205078125,0.056640625,-35.7666015625,-33.935546875,-1.8920897245407104,4,gustav
1772895832.5692573,-0.7342529296875,-0.5374755859375,0.0328369140625,-43.945308685302734,-33.99658203125,-17.7001953125,4,gustav
1772895832.7494767,-0.9111328125,-0.35546875,0.21826171875,-31.677244186401367,-29.907224655151367,-35.0341796875,4,gustav
1772895832.7494767,-0.8583984375,-0.5010986328125,0.0345458984375,-26.672361373901367,-41.931148529052734,-37.53662109375,4,gustav
1772895832.7494767,-1.0050048828125,-0.3492431640625,0.2098388671875,-26.000974655151367,-36.1328125,-54.382320404052734,4,gustav
1772895832.7494767,-1.00439453125,-0.4537353515625,0.0347900390625,-25.573728561401367,-52.734371185302734,-55.053707122802734,4,gustav
1772895832.8079362,-1.1175537109375,-0.384033203125,0.0592041015625,-34.11865234375,-36.4990234375,-80.078125,4,gustav
1772895832.8079362,-1.058837890625,-0.2547607421875,0.0557861328125,-60.913082122802734,-46.203609466552734,-52.673336029052734,4,gustav
1772895832.8732927,-1.2794189453125,-0.2940673828125,-0.0126953125,-58.288570404052734,-23.681638717651367,-70.37353515625,4,gustav
1772895832.930837,-1.1953125,-0.2347412109375,-0.073974609375,-58.288570404052734,-33.203125,-55.664058685302734,4,gustav
1772895832.930837,-1.1220703125,-0.055419921875,-0.0743408203125,-34.5458984375,-16.9677734375,-58.105464935302734,4,gustav
1772895832.9912612,-1.0118408203125,-0.11083984375,-0.187744140625,-35.82763671875,-28.808591842651367,-31.372068405151367,4,gustav
1772895833.2278872,-1.2537841796875,0.01611328125,-0.067626953125,4.39453125,-16.41845703125,-58.349605560302734,4,gustav
1772895833.2278872,-1.003662109375,-0.08740234375,-0.122802734375,-1.3427733182907104,-24.536130905151367,-34.912109375,4,gustav
1772895833.285123,-1.2757568359375,0.0396728515625,-0.233642578125,5.310058116912842,-4.638671875,-48.950191497802734,4,gustav
1772895833.3510966,-1.0863037109375,0.067626953125,-0.1390380859375,3.662109136581421,-17.333984375,-20.263669967651367,4,gustav
1772895833.3510966,-0.9930419921875,-0.0003662109375,-0.15087890625,-0.1831054538488388,-7.751464366912842,-14.709471702575684,4,gustav
1772895833.3510966,-1.067626953125,0.0577392578125,-0.15771484375,18.49365234375,-5.737304210662842,-5.065917491912842,4,gustav
1772895833.3550608,-1.0408935546875,0.0472412109375,-0.18359375,22.766111373901367,4.45556640625,-0.4272460639476776,4,gustav
1772895833.5284107,-1.1461181640625,0.1363525390625,-0.09375,36.0107421875,9.521484375,5.432128429412842,4,gustav
1772895833.5284107,-1.1409912109375,0.0474853515625,-0.1441650390625,35.58349609375,17.76123046875,17.7001953125,4,gustav
1772895833.5284107,-1.2283935546875,0.0474853515625,-0.1212158203125,28.015134811401367,31.860349655151367,46.081539154052734,4,gustav
1772895833.5284107,-1.2901611328125,0.0262451171875,-0.0758056640625,26.977537155151367,40.588375091552734,64.5751953125,4,gustav
1772895833.7727592,-1.459228515625,-0.15283203125,0.0633544921875,14.648436546325684,67.626953125,98.02245330810547,4,gustav
1772895833.7727592,-1.261962890625,-0.149169921875,-0.0087890625,3.173827886581421,76.66015625,101.80663299560547,4,gustav
1772895833.8310895,-1.126708984375,-0.2291259765625,0.0386962890625,12.573241233825684,84.53368377685547,101.92870330810547,4,gustav
1772895833.8325994,-0.9605712890625,-0.2252197265625,0.054931640625,27.893064498901367,75.86669921875,84.16747283935547,4,gustav
1772895833.8325994,-0.7777099609375,-0.4049072265625,0.0972900390625,51.635738372802734,40.344234466552734,38.39111328125,4,gustav
1772895833.8347497,-0.7999267578125,-0.4376220703125,0.0767822265625,48.217769622802734,27.648923873901367,28.869626998901367,4,gustav
1772895833.8916676,-0.7908935546875,-0.4464111328125,0.176513671875,37.29248046875,16.66259765625,14.160155296325684,4,gustav
1772895833.9519634,-0.765380859375,-0.4915771484375,0.1751708984375,36.92626953125,1.03759765625,3.051757574081421,4,gustav
1772895833.9519634,-0.8388671875,-0.558349609375,0.157958984375,30.090330123901367,-9.521484375,-18.5546875,4,gustav
1772895834.0097492,-0.608154296875,-0.34423828125,0.255126953125,30.517576217651367,-7.629394054412842,-49.072261810302734,4,gustav
1772895834.0715187,-0.4874267578125,-0.3177490234375,0.1229248046875,26.672361373901367,-39.0625,-44.433589935302734,4,gustav
1772895834.0715187,-0.3890380859375,-0.2486572265625,0.1806640625,10.314940452575684,-37.29248046875,-28.808591842651367,4,gustav
1772895834.1331174,-0.3404541015625,-0.2596435546875,0.0509033203125,4.150390625,-24.169919967651367,-23.254392623901367,4,gustav
1772895834.1919224,-0.3956298828125,-0.217041015625,0.0267333984375,-14.770506858825684,-19.775390625,-13.244627952575684,4,gustav
1772895834.1919224,-0.4371337890625,-0.267333984375,0.017578125,-18.310546875,-8.48388671875,-2.13623046875,4,gustav
1772895834.372494,-0.4366455078125,-0.2757568359375,0.0220947265625,-16.9677734375,-10.375975608825684,3.967284917831421,4,gustav
1772895834.372494,-0.582763671875,-0.340087890625,0.0447998046875,-12.634276390075684,-15.441893577575684,5.371093273162842,4,gustav
1772895834.372494,-0.6287841796875,-0.4072265625,0.057861328125,-13.732909202575684,-21.362302780151367,2.0751953125,4,gustav
1772895834.42815,-0.791259765625,-0.3656005859375,0.102783203125,-18.61572265625,-23.803709030151367,1.03759765625,4,gustav
1772895834.4870455,-0.915771484375,-0.5203857421875,0.064697265625,-11.352538108825684,-26.977537155151367,-13.183592796325684,4,gustav
1772895834.4870455,-0.892822265625,-0.4393310546875,0.057861328125,-24.414060592651367,-27.038572311401367,-12.329100608825684,4,gustav
1772895834.4870455,-0.964599609375,-0.381103515625,-0.01318359375,-22.460935592651367,-34.24072265625,-31.188962936401367,4,gustav
1772895834.5509155,-0.9090576171875,-0.4053955078125,0.0977783203125,-24.902341842651367,-36.0107421875,-27.832029342651367,4,gustav
1772895834.5509155,-1.067626953125,-0.4317626953125,-0.0078125,-34.1796875,-27.038572311401367,-54.626461029052734,4,gustav
1772895834.7890885,-0.8919677734375,-0.2490234375,0.050537109375,-38.14697265625,-32.89794921875,-54.443355560302734,4,gustav
1772895834.7890885,-1.266845703125,-0.4183349609375,0.057373046875,-27.343748092651367,-29.663084030151367,-69.3359375,4,gustav
1772895834.7890885,-0.95556640625,-0.1375732421875,-0.0819091796875,-32.65380859375,-23.315427780151367,-61.645503997802734,4,gustav
1772895834.7942755,-1.3277587890625,-0.2454833984375,0.00537109375,-14.526366233825684,-26.611326217651367,-76.2939453125,4,gustav
1772895834.8518558,-0.9464111328125,-0.0228271484375,-0.190185546875,-9.82666015625,-22.949216842651367,-54.748531341552734,4,gustav
1772895834.8518558,-1.171142578125,-0.0963134765625,-0.265625,-9.8876953125,-35.33935546875,-54.321285247802734,4,gustav
1772895834.9732277,-1.078857421875,0.07958984375,-0.1856689453125,-27.221677780151367,-12.695311546325684,-33.0810546875,4,gustav
1772895834.9732277,-0.952880859375,-0.033447265625,-0.14306640625,-60.852046966552734,-12.878417015075684,-24.047849655151367,4,gustav
1772895835.0269678,-1.06787109375,0.0491943359375,-0.101806640625,-66.22314453125,-25.878904342651367,-30.578611373901367,4,gustav
1772895835.0269678,-1.2254638671875,0.0660400390625,-0.2537841796875,-72.57080078125,-9.70458984375,-47.729488372802734,4,gustav
1772895835.1393037,-1.092041015625,0.176513671875,-0.12890625,-54.504390716552734,3.784179449081421,-12.390135765075684,4,gustav
1772895835.2104144,-1.1439208984375,0.0904541015625,-0.205078125,-21.789548873901367,5.554198741912842,19.775390625,4,gustav
1772895835.2104144,-1.0657958984375,0.032470703125,-0.1815185546875,7.812499523162842,13.793944358825684,24.475095748901367,4,gustav
1772895835.2104144,-1.026611328125,0.0244140625,-0.1875,18.00537109375,16.17431640625,9.6435546875,4,gustav
1772895835.2697647,-1.06689453125,0.0294189453125,-0.1563720703125,35.888671875,11.901854515075684,4.21142578125,4,gustav
1772895835.2697647,-1.126953125,0.0009765625,-0.198486328125,31.188962936401367,14.648436546325684,12.878417015075684,4,gustav
1772895835.391275,-1.198974609375,0.0640869140625,-0.16357421875,42.175289154052734,22.033689498901367,37.41455078125,4,gustav
1772895835.391275,-1.31884765625,-0.0506591796875,-0.0994873046875,42.419429779052734,40.832515716552734,63.232418060302734,4,gustav
1772895835.3942864,-1.4591064453125,0.067138671875,-0.255859375,44.433589935302734,57.495113372802734,95.09276580810547,4,gustav
1772895835.5111477,-1.3868408203125,-0.140869140625,-0.069580078125,33.447265625,80.38329315185547,113.95262908935547,4,gustav
1772895835.5111477,-1.211669921875,-0.161865234375,0.0328369140625,37.53662109375,77.63671875,126.40380096435547,4,gustav
1772895835.5111477,-1.1357421875,-0.4588623046875,-0.05224609375,50.537105560302734,69.580078125,125.97655487060547,4,gustav
1772895835.8013678,-0.997802734375,-0.330078125,-0.0169677734375,48.950191497802734,67.87109375,97.04589080810547,4,gustav
1772895835.8013678,-0.793212890625,-0.3717041015625,0.0245361328125,55.480953216552734,60.974117279052734,80.87157440185547,4,gustav
1772895835.8013678,-0.8212890625,-0.4654541015625,-0.0018310546875,54.931636810302734,46.203609466552734,64.27001953125,4,gustav
1772895835.8013678,-0.789794921875,-0.4493408203125,0.0482177734375,58.349605560302734,37.29248046875,40.893550872802734,4,gustav
1772895835.8709397,-0.765625,-0.53369140625,-0.005615234375,33.447265625,7.141112804412842,-17.2119140625,4,gustav
1772895835.8709397,-0.4241943359375,-0.3758544921875,0.099609375,4.33349609375,-3.906249761581421,-45.349117279052734,4,gustav
1772895835.9917705,-0.324951171875,-0.2508544921875,0.1634521484375,4.5166015625,-3.967284917831421,-35.15625,4,gustav
1772895836.0467005,-0.2662353515625,-0.2025146484375,0.1424560546875,12.573241233825684,-9.6435546875,-20.507810592651367,4,gustav
1772895836.0467005,-0.337646484375,-0.27783203125,-0.08154296875,20.202634811401367,-11.779784202575684,-12.756346702575684,4,gustav
1772895836.0467005,-0.4527587890625,-0.2454833984375,0.1796875,-3.845214605331421,-6.469726085662842,-4.150390625,4,gustav
1772895836.171956,-0.534912109375,-0.3690185546875,0.008544921875,-11.047362327575684,-1.15966796875,0.8544921278953552,4,gustav
1772895836.171956,-0.6390380859375,-0.391357421875,0.161376953125,-23.620603561401367,-9.58251953125,5.065917491912842,4,gustav
1772895836.171956,-0.6953125,-0.4293212890625,0.06103515625,-22.399900436401367,-10.803221702575684,4.08935546875,4,gustav
1772895836.284054,-0.7926025390625,-0.46533203125,0.1424560546875,-20.446775436401367,-10.498045921325684,-0.8544921278953552,4,gustav
1772895836.284054,-0.798828125,-0.42138671875,-0.0084228515625,-17.2119140625,-14.404295921325684,-5.126952648162842,4,gustav
1772895836.284054,-0.86669921875,-0.4708251953125,0.1103515625,-30.395505905151367,-15.686034202575684,-9.58251953125,4,gustav
1772895836.4072666,-0.9127197265625,-0.42041015625,0.0096435546875,-42.968746185302734,-14.892577171325684,-28.686521530151367,4,gustav
1772895836.4722931,-0.7952880859375,-0.2398681640625,0.1798095703125,-32.65380859375,-15.136717796325684,-41.076656341552734,4,gustav
1772895836.4722931,-0.9661865234375,-0.607666015625,-0.0880126953125,-12.207030296325684,-22.888181686401367,-54.443355560302734,4,gustav
1772895836.4722931,-0.8621826171875,-0.2691650390625,0.185302734375,-8.30078125,-25.451658248901367,-56.518550872802734,4,gustav
1772895836.4722931,-1.036865234375,-0.3126220703125,-0.021728515625,-1.03759765625,-29.724119186401367,-67.93212890625,4,gustav
1772895836.5317395,-1.0675048828125,-0.3587646484375,0.1015625,-3.112792730331421,-29.418943405151367,-66.22314453125,4,gustav
1772895836.589198,-1.0361328125,-0.2218017578125,-0.0550537109375,-5.432128429412842,-23.681638717651367,-67.07763671875,4,gustav
1772895836.589198,-1.02685546875,-0.240966796875,0.135498046875,-12.756346702575684,-29.357908248901367,-76.904296875,4,gustav
1772895836.64985,-1.3226318359375,-0.1513671875,-0.0601806640625,0.54931640625,-32.53173828125,-87.82958221435547,4,gustav
1772895836.64985,-1.162109375,-0.048095703125,-0.013916015625,-30.029294967651367,-21.667478561401367,-69.7021484375,4,gustav
1772895836.827614,-1.205810546875,-0.1563720703125,-0.152587890625,-21.911619186401367,-23.742673873901367,-61.828609466552734,4,gustav
1772895836.9497244,-1.093017578125,0.1173095703125,-0.0897216796875,-28.869626998901367,-17.4560546875,-40.954586029052734,4,gustav
1772895836.9497244,-1.1058349609375,-0.05224609375,-0.1563720703125,-29.113767623901367,-12.084959983825684,-24.902341842651367,4,gustav
1772895836.9497244,-1.2537841796875,0.1025390625,-0.1998291015625,-21.362302780151367,4.21142578125,-15.808104515075684,4,gustav
1772895836.9497244,-1.013916015625,0.17333984375,-0.17822265625,2.25830078125,-7.568358898162842,10.498045921325684,4,gustav
1772895837.0112646,-1.046142578125,0.0921630859375,-0.1170654296875,-20.202634811401367,-1.220703125,-4.8828125,4,gustav
1772895837.0112646,-1.061279296875,0.078125,-0.1177978515625,-7.019042491912842,-4.2724609375,4.21142578125,4,gustav
1772895837.0725865,-1.1663818359375,0.09716796875,-0.170654296875,-6.286620616912842,6.286620616912842,13.854979515075684,4,gustav
1772895837.1319835,-1.164306640625,0.1094970703125,-0.1572265625,3.295898199081421,11.413573265075684,32.5927734375,4,gustav
1772895837.187553,-1.324951171875,0.0521240234375,-0.2178955078125,29.846189498901367,27.587888717651367,56.762691497802734,4,gustav
1772895837.2522206,-1.259033203125,0.109375,-0.1124267578125,42.175289154052734,40.710445404052734,88.86717987060547,4,gustav
1772895837.2522206,-1.3341064453125,-0.15380859375,-0.10888671875,61.828609466552734,44.494625091552734,99.67040252685547,4,gustav
1772895837.253734,-1.152587890625,-0.09765625,-0.0240478515625,58.776851654052734,44.738765716552734,85.20507049560547,4,gustav
1772895837.4925628,-1.1072998046875,-0.328857421875,-0.0872802734375,56.823726654052734,33.99658203125,73.1201171875,4,gustav
1772895837.5524511,-1.0450439453125,-0.2906494140625,0.0421142578125,45.715328216552734,36.31591796875,57.128902435302734,4,gustav
1772895837.5524511,-0.9871826171875,-0.3314208984375,0.0489501953125,37.2314453125,30.273435592651367,64.75830078125,4,gustav
1772895837.5524511,-1.0438232421875,-0.4918212890625,0.0782470703125,29.235837936401367,36.376953125,66.5283203125,4,gustav
1772895837.5524511,-0.953857421875,-0.4805908203125,0.1044921875,-0.4882812201976776,35.0341796875,25.390623092651367,4,gustav
1772895837.6091726,-0.7852783203125,-0.468994140625,0.1968994140625,13.183592796325684,17.15087890625,-6.469726085662842,4,gustav
1772895837.79281,-0.68603515625,-0.4281005859375,0.1705322265625,15.930174827575684,14.282225608825684,-17.63916015625,4,gustav
1772895837.79281,-0.676513671875,-0.4132080078125,0.1754150390625,16.2353515625,12.207030296325684,-30.151365280151367,4,gustav
1772895837.794547,-0.6552734375,-0.4229736328125,0.1375732421875,2.13623046875,22.033689498901367,-42.602535247802734,4,gustav
1772895837.8524625,-0.536865234375,-0.332275390625,0.08447265625,-11.047362327575684,30.883787155151367,-44.616695404052734,4,gustav
1772895837.853472,-0.2996826171875,-0.185302734375,0.05810546875,-9.8876953125,18.06640625,-5.920409679412842,4,gustav
1772895837.906486,-0.3541259765625,-0.1513671875,-0.0103759765625,-2.3193359375,10.559081077575684,7.141112804412842,4,gustav
1772895837.906486,-0.4176025390625,-0.215576171875,0.1014404296875,-0.9765624403953552,-1.8920897245407104,21.240232467651367,4,gustav
1772895837.9745007,-0.5721435546875,-0.2698974609375,0.1502685546875,2.44140625,-17.7001953125,33.02001953125,4,gustav
1772895838.0331109,-0.64111328125,-0.3287353515625,0.135498046875,-7.507323741912842,-27.160642623901367,29.235837936401367,4,gustav
1772895838.0331109,-0.7608642578125,-0.4013671875,0.1881103515625,-12.207030296325684,-24.780271530151367,20.629880905151367,4,gustav
1772895838.27378,-0.8367919921875,-0.455810546875,0.093017578125,-14.099120140075684,-34.912109375,11.962889671325684,4,gustav
1772895838.3318913,-0.7860107421875,-0.480224609375,0.18798828125,-28.747556686401367,-31.494138717651367,11.535643577575684,4,gustav
1772895838.3318913,-0.8277587890625,-0.3970947265625,0.1185302734375,-21.911619186401367,-36.31591796875,-5.126952648162842,4,gustav
1772895838.3914404,-0.9256591796875,-0.5548095703125,0.1805419921875,-36.376953125,-24.536130905151367,-13.793944358825684,4,gustav
1772895838.3914404,-0.8587646484375,-0.3013916015625,-0.0146484375,-17.63916015625,-29.602048873901367,-44.982906341552734,4,gustav
1772895838.3914404,-0.984375,-0.4642333984375,0.236572265625,-26.672361373901367,-34.3017578125,-44.372554779052734,4,gustav
1772895838.3914404,-0.9464111328125,-0.220947265625,-0.034912109375,-14.831542015075684,-32.89794921875,-78.369140625,4,gustav
1772895838.4499981,-0.920654296875,-0.3001708984375,0.1954345703125,-1.9531248807907104,-32.65380859375,-58.349605560302734,4,gustav
1772895838.4499981,-1.1324462890625,-0.2869873046875,-0.0543212890625,14.770506858825684,-41.320796966552734,-82.76366424560547,4,gustav
1772895838.8112938,-1.1561279296875,-0.3016357421875,0.037841796875,13.305663108825684,-33.5693359375,-66.7724609375,4,gustav
1772895838.813358,-1.2147216796875,-0.129150390625,0.0172119140625,15.502928733825684,-22.766111373901367,-75.37841796875,4,gustav
1772895838.870785,-0.90771484375,0.0247802734375,0.0247802734375,-1.5258787870407104,-20.690916061401367,-41.442867279052734,4,gustav
1772895838.870785,-1.230712890625,-0.19091796875,-0.1280517578125,-6.774901866912842,-33.447265625,-48.828121185302734,4,gustav
1772895838.870785,-1.135986328125,0.09619140625,-0.1273193359375,-36.4990234375,-7.873534679412842,-41.198726654052734,4,gustav
1772895838.870785,-1.074462890625,0.1124267578125,-0.1171875,-18.00537109375,-4.2724609375,-4.82177734375,4,gustav
1772895838.9283187,-1.0928955078125,0.0943603515625,-0.1351318359375,-10.009765625,0.1831054538488388,-4.33349609375,4,gustav
1772895839.111304,-1.10400390625,0.076904296875,-0.1734619140625,-4.150390625,-2.38037109375,3.051757574081421,4,gustav
1772895839.111304,-1.168212890625,0.133056640625,-0.1551513671875,8.23974609375,6.286620616912842,2.624511480331421,4,gustav
1772895839.111304,-1.203125,0.145263671875,-0.1766357421875,24.780271530151367,5.615233898162842,22.766111373901367,4,gustav
1772895839.1150246,-1.2493896484375,0.1358642578125,-0.150146484375,36.92626953125,12.939452171325684,38.75732421875,4,gustav
1772895839.3540149,-1.38330078125,0.0111083984375,-0.1038818359375,48.034664154052734,33.935546875,72.6318359375,4,gustav
1772895839.3540149,-1.4136962890625,0.06591796875,0.012939453125,54.748531341552734,50.842281341552734,79.16259765625,4,gustav
1772895839.4138644,-1.3541259765625,-0.22216796875,-0.10888671875,64.453125,50.231929779052734,86.60887908935547,4,gustav
1772895839.4722483,-1.221435546875,-0.138427734375,0.0543212890625,48.706050872802734,63.537593841552734,67.07763671875,4,gustav
1772895839.4722483,-1.000244140625,-0.298583984375,0.065185546875,43.395992279052734,37.65869140625,31.372068405151367,4,gustav
1772895839.4722483,-0.854248046875,-0.3929443359375,0.206787109375,43.640132904052734,28.869626998901367,18.6767578125,4,gustav
1772895839.5285244,-0.7132568359375,-0.38427734375,0.1224365234375,35.94970703125,16.66259765625,-0.54931640625,4,gustav
1772895839.5285244,-0.69482421875,-0.37255859375,0.1953125,27.282712936401367,9.521484375,-16.4794921875,4,gustav
1772895839.5912962,-0.5252685546875,-0.3223876953125,0.1458740234375,21.728513717651367,7.812499523162842,-26.062009811401367,4,gustav
1772895839.5912962,-0.497802734375,-0.2283935546875,0.169921875,17.333984375,3.967284917831421,-30.334470748901367,4,gustav
1772895839.6536915,-0.4207763671875,-0.24560546875,0.2666015625,-4.5166015625,4.39453125,-18.73779296875,4,gustav
1772895839.710972,-0.4832763671875,-0.2037353515625,0.0960693359375,-31.127927780151367,9.82666015625,-5.676269054412842,4,gustav
1772895839.710972,-0.437255859375,-0.1317138671875,0.218017578125,-56.884761810302734,25.085447311401367,-6.103515148162842,4,gustav
1772895839.7712138,-0.5001220703125,-0.07373046875,0.043212890625,-54.382320404052734,20.080564498901367,-4.08935546875,4,gustav
1772895839.8302646,-0.62890625,-0.081298828125,-0.027587890625,-26.123044967651367,15.136717796325684,-1.0986328125,4,gustav
1772895839.8302646,-0.641357421875,-0.111572265625,0.0479736328125,5.126952648162842,-1.5258787870407104,-0.1220703050494194,4,gustav
1772895839.8919685,-0.6507568359375,-0.1907958984375,0.031982421875,17.76123046875,-14.465331077575684,-1.8920897245407104,4,gustav
1772895839.8919685,-0.5867919921875,-0.2547607421875,0.12939453125,3.662109136581421,-23.376462936401367,10.375975608825684,4,gustav
1772895839.9505098,-0.5784912109375,-0.2860107421875,0.079345703125,-22.033689498901367,-28.320310592651367,12.207030296325684,4,gustav
1772895840.0049286,-0.63134765625,-0.3802490234375,0.2044677734375,-30.334470748901367,-25.146482467651367,16.41845703125,4,gustav
1772895840.0722222,-0.727783203125,-0.2791748046875,0.123046875,-36.19384765625,-31.982419967651367,16.29638671875,4,gustav
1772895840.0722222,-0.7637939453125,-0.4212646484375,0.1685791015625,-22.399900436401367,-32.2265625,10.131834983825684,4,gustav
1772895840.184337,-0.86962890625,-0.33203125,0.091552734375,-25.756834030151367,-34.24072265625,2.807616949081421,4,gustav
1772895840.184337,-0.921875,-0.40185546875,0.01611328125,-33.14208984375,-40.588375091552734,-15.930174827575684,4,gustav
1772895840.184337,-1.074462890625,-0.305908203125,0.2882080078125,-53.955074310302734,-36.19384765625,-46.874996185302734,4,gustav
1772895840.2521124,-1.238037109375,-0.173095703125,-0.0126953125,-62.133785247802734,-26.977537155151367,-64.14794921875,4,gustav
1772895840.2521124,-1.1749267578125,-0.0908203125,0.1304931640625,-30.639646530151367,-33.935546875,-80.078125,4,gustav
1772895840.313216,-1.5274658203125,-0.072998046875,0.022216796875,-1.6479490995407104,-40.649410247802734,-73.8525390625,4,gustav
1772895840.371914,-1.3182373046875,-0.0001220703125,0.0426025390625,-9.58251953125,-25.695798873901367,-57.312007904052734,4,gustav
1772895840.371914,-1.1810302734375,0.0081787109375,-0.07177734375,-15.808104515075684,-28.381345748901367,-46.020503997802734,4,gustav
1772895840.6723764,-1.1260986328125,0.0452880859375,-0.0087890625,-20.385740280151367,-16.9677734375,-42.175289154052734,4,gustav
1772895840.6727493,-1.072265625,0.0443115234375,-0.234130859375,-18.798828125,-18.6767578125,-35.5224609375,4,gustav
1772895840.6727493,-1.0093994140625,0.1080322265625,-0.0911865234375,-8.97216796875,-18.73779296875,-44.433589935302734,4,gustav
1772895840.6727493,-0.9354248046875,0.049560546875,-0.2103271484375,-12.390135765075684,-25.756834030151367,-42.602535247802734,4,gustav
1772895840.732429,-1.1712646484375,0.1373291015625,-0.0721435546875,-10.009765625,1.03759765625,-10.009765625,4,gustav
1772895840.732429,-1.1424560546875,0.173583984375,-0.15380859375,9.1552734375,7.141112804412842,14.831542015075684,4,gustav
1772895840.9079337,-1.046142578125,0.13330078125,-0.11474609375,19.4091796875,2.38037109375,10.742186546325684,4,gustav
1772895841.0290604,-1.0452880859375,0.15380859375,-0.103759765625,18.85986328125,2.624511480331421,9.8876953125,4,gustav
1772895841.0290604,-1.08935546875,0.1129150390625,-0.1585693359375,10.559081077575684,1.8310545682907104,18.73779296875,4,gustav
1772895841.1400259,-1.2479248046875,0.19921875,-0.112548828125,-0.9155272841453552,0.7324218153953552,23.803709030151367,4,gustav
1772895841.1400259,-1.2200927734375,0.1182861328125,-0.072509765625,-20.080564498901367,18.9208984375,50.170894622802734,4,gustav
1772895841.152729,-1.3260498046875,-0.0889892578125,-0.0391845703125,63.537593841552734,26.794431686401367,85.38817596435547,4,gustav
1772895841.1549506,-1.2615966796875,-0.0821533203125,-0.138671875,72.6318359375,25.146482467651367,77.08740234375,4,gustav
1772895841.2117803,-1.0653076171875,-0.2274169921875,-0.075927734375,57.983394622802734,20.080564498901367,49.560543060302734,4,gustav
1772895841.3331048,-1.0140380859375,-0.3267822265625,0.002685546875,40.466304779052734,30.334470748901367,26.062009811401367,4,gustav
1772895841.3331048,-0.9649658203125,-0.364501953125,0.0572509765625,40.649410247802734,33.5693359375,8.23974609375,4,gustav
1772895841.3331048,-0.85791015625,-0.4293212890625,0.021728515625,33.87451171875,33.63037109375,-10.009765625,4,gustav
1772895841.4513535,-0.885009765625,-0.4239501953125,0.1085205078125,27.343748092651367,36.92626953125,-27.770994186401367,4,gustav
1772895841.4513535,-0.72314453125,-0.419921875,0.0164794921875,22.033689498901367,35.94970703125,-42.358394622802734,4,gustav
1772895841.4538991,-0.676513671875,-0.2208251953125,0.0789794921875,23.254392623901367,31.005857467651367,-53.527828216552734,4,gustav
1772895841.5083554,-0.4564208984375,-0.06494140625,-0.078857421875,29.418943405151367,29.663084030151367,-70.98388671875,4,gustav
1772895841.5686526,-0.1929931640625,-0.092041015625,0.197998046875,5.920409679412842,6.774901866912842,-65.5517578125,4,gustav
1772895841.5686526,-0.1943359375,-0.0155029296875,0.090576171875,-18.798828125,1.8920897245407104,-37.841796875,4,gustav
1772895841.751936,-0.109130859375,0.020751953125,0.0911865234375,-33.87451171875,-7.568358898162842,1.8920897245407104,4,gustav
1772895841.751936,-0.316162109375,-0.0982666015625,0.1060791015625,-25.451658248901367,-11.413573265075684,26.611326217651367,4,gustav
1772895841.751936,-0.469482421875,-0.13330078125,0.09912109375,-18.24951171875,-13.610838890075684,42.663570404052734,4,gustav
1772895841.7536592,-0.62548828125,-0.255615234375,0.07373046875,-10.498045921325684,-24.597166061401367,50.781246185302734,4,gustav
1772895841.8055081,-0.8702392578125,-0.3492431640625,0.1295166015625,-24.108884811401367,-24.597166061401367,40.893550872802734,4,gustav
1772895841.8055081,-0.9752197265625,-0.283935546875,-0.0384521484375,-28.869626998901367,-27.648923873901367,38.818359375,4,gustav
1772895841.9918385,-1.078369140625,-0.38818359375,0.116455078125,-34.48486328125,-24.536130905151367,18.4326171875,4,gustav
1772895842.0493898,-0.9339599609375,-0.228759765625,-0.0572509765625,-33.69140625,-24.291990280151367,15.197752952575684,4,gustav
1772895842.0493898,-1.1416015625,-0.2838134765625,0.113037109375,-44.189449310302734,-20.263669967651367,-18.6767578125,4,gustav
1772895842.0493898,-0.9139404296875,-0.181884765625,-0.116943359375,-47.973628997802734,-23.803709030151367,-15.808104515075684,4,gustav
1772895842.0493898,-1.20751953125,-0.308349609375,0.0614013671875,-52.429195404052734,-18.310546875,-37.78076171875,4,gustav
1772895842.1733627,-1.2498779296875,-0.2432861328125,-0.0164794921875,-21.057126998901367,-26.794431686401367,-47.912593841552734,4,gustav
1772895842.3522985,-1.000732421875,-0.168212890625,-0.005126953125,-26.306150436401367,-27.770994186401367,-56.579586029052734,4,gustav
1772895842.3522985,-1.19677734375,-0.245849609375,-0.1016845703125,-30.334470748901367,-26.794431686401367,-62.194820404052734,4,gustav
1772895842.3522985,-1.15576171875,-0.04443359375,-0.058349609375,-26.489255905151367,-12.878417015075684,-59.204097747802734,4,gustav
1772895842.3522985,-0.9510498046875,-0.1553955078125,-0.24267578125,-18.24951171875,-8.36181640625,-21.118162155151367,4,gustav
1772895842.7723272,-1.1455078125,0.0709228515625,-0.123046875,-70.1904296875,-13.366698265075684,-51.696773529052734,4,gustav
1772895842.7723272,-1.1527099609375,0.0968017578125,-0.1876220703125,-63.537593841552734,-21.118162155151367,-28.625486373901367,4,gustav
1772895842.773077,-1.1480712890625,0.138916015625,-0.1842041015625,-34.7900390625,-18.12744140625,-25.634763717651367,4,gustav
1772895842.773077,-1.157470703125,0.1240234375,-0.197998046875,-27.404783248901367,-2.929687261581421,-17.51708984375,4,gustav
1772895842.8289301,-1.0421142578125,0.0947265625,-0.1700439453125,10.375975608825684,-1.7089842557907104,2.3193359375,4,gustav
1772895842.8289301,-1.1766357421875,0.1170654296875,-0.170166015625,41.870113372802734,16.17431640625,29.113767623901367,4,gustav
1772895842.9511726,-1.30078125,0.1036376953125,-0.1097412109375,47.363277435302734,23.437498092651367,46.752925872802734,4,gustav
1772895843.0101924,-1.3271484375,0.046875,-0.169677734375,48.400875091552734,35.09521484375,70.068359375,4,gustav
1772895843.071004,-1.359375,-0.015380859375,-0.076171875,52.124019622802734,37.9638671875,78.30810546875,4,gustav
1772895843.071004,-1.3514404296875,-0.1204833984375,-0.163330078125,62.805171966552734,37.353515625,85.02196502685547,4,gustav
1772895843.071004,-1.239990234375,-0.1456298828125,0.004150390625,43.762203216552734,46.447750091552734,80.26123046875,4,gustav
1772895843.071004,-1.2357177734375,-0.3040771484375,-0.0985107421875,41.503902435302734,42.175289154052734,77.2705078125,4,gustav
1772895843.1325576,-1.0511474609375,-0.1802978515625,0.037353515625,31.921384811401367,51.208492279052734,51.147457122802734,4,gustav
1772895843.134232,-1.0218505859375,-0.3355712890625,0.1207275390625,9.6435546875,28.503416061401367,52.185054779052734,4,gustav
1772895843.1915252,-1.01318359375,-0.2867431640625,0.0653076171875,-20.812986373901367,39.306640625,21.118162155151367,4,gustav
1772895843.2477777,-0.8238525390625,-0.4024658203125,0.16748046875,-14.831542015075684,24.963376998901367,10.803221702575684,4,gustav
1772895843.3112092,-0.739990234375,-0.388916015625,0.0968017578125,11.657713890075684,21.728513717651367,-16.4794921875,4,gustav
1772895843.3702679,-0.726318359375,-0.41748046875,0.1783447265625,32.470703125,25.878904342651367,-34.7900390625,4,gustav
1772895843.3702679,-0.5252685546875,-0.4041748046875,0.1104736328125,42.785640716552734,20.935056686401367,-42.114253997802734,4,gustav
1772895843.43288,-0.5220947265625,-0.319580078125,0.1439208984375,10.864256858825684,15.747069358825684,-31.677244186401367,4,gustav
1772895843.43288,-0.48583984375,-0.2686767578125,0.0228271484375,-14.099120140075684,13.854979515075684,-18.00537109375,4,gustav
1772895843.731057,-0.53759765625,-0.1280517578125,0.100830078125,-29.541013717651367,18.1884765625,-10.559081077575684,4,gustav
1772895843.731057,-0.3909912109375,-0.0135498046875,-0.0120849609375,-15.686034202575684,12.695311546325684,3.479003667831421,4,gustav
1772895843.8542008,-0.351806640625,-0.032470703125,0.0169677734375,27.709959030151367,11.291502952575684,5.859374523162842,4,gustav
1772895843.9727893,-0.355712890625,0.112060546875,-0.04345703125,53.649898529052734,-8.7890625,19.287109375,4,gustav
1772895843.9727893,-0.7269287109375,-0.30615234375,0.121337890625,-29.418943405151367,-38.2080078125,36.92626953125,4,gustav
1772895843.9727893,-0.9578857421875,-0.432373046875,0.0780029296875,-12.329100608825684,-34.60693359375,14.099120140075684,4,gustav
1772895843.9727893,-1.0477294921875,-0.4625244140625,0.08740234375,-6.774901866912842,-25.878904342651367,-4.08935546875,4,gustav
1772895844.0252612,-0.86474609375,-0.2603759765625,0.06884765625,-24.780271530151367,-15.502928733825684,-35.5224609375,4,gustav
1772895844.0333784,-0.95361328125,-0.3377685546875,-0.0286865234375,-25.939939498901367,-15.563963890075684,-46.874996185302734,4,gustav
1772895844.0931914,-0.8853759765625,-0.2420654296875,0.1173095703125,-17.9443359375,-12.512206077575684,-50.598140716552734,4,gustav
1772895844.1522286,-0.84375,-0.1768798828125,-0.20458984375,34.36279296875,-27.526853561401367,-47.729488372802734,4,gustav
1772895844.1522286,-0.8870849609375,-0.2392578125,0.130859375,37.841796875,-18.61572265625,-70.25146484375,4,gustav
1772895844.2120101,-0.8868408203125,-0.2518310546875,-0.119384765625,22.033689498901367,-29.968259811401367,-67.138671875,4,gustav
1772895844.3913774,-1.245361328125,-0.072265625,0.037109375,-26.062009811401367,-11.474608421325684,-103.69872283935547,4,gustav
1772895844.448729,-1.110107421875,-0.0528564453125,-0.1181640625,-47.851558685302734,-15.686034202575684,-81.54296112060547,4,gustav
1772895844.5116322,-1.3797607421875,0.0982666015625,-0.062255859375,-53.710933685302734,-19.287109375,-85.14403533935547,4,gustav
1772895844.569818,-1.1656494140625,0.115478515625,-0.1234130859375,-79.1015625,-15.197752952575684,-45.593257904052734,4,gustav
1772895844.569818,-1.1602783203125,0.2845458984375,-0.2060546875,-83.06884002685547,0.6713866591453552,5.798339366912842,4,gustav
1772895844.569818,-1.16015625,0.1805419921875,-0.1607666015625,-56.396480560302734,-1.6479490995407104,10.681151390075684,4,gustav
1772895844.8115625,-1.0400390625,0.1451416015625,-0.178466796875,2.50244140625,10.498045921325684,3.906249761581421,4,gustav
1772895844.8115625,-1.01611328125,0.1212158203125,-0.10693359375,26.000974655151367,7.629394054412842,-1.6479490995407104,4,gustav
1772895844.8115625,-1.075439453125,0.1068115234375,-0.1641845703125,29.907224655151367,6.958007335662842,0.8544921278953552,4,gustav
1772895844.8690536,-1.179443359375,0.1175537109375,-0.1513671875,43.762203216552734,7.568358898162842,11.901854515075684,4,gustav
1772895844.8690536,-1.2034912109375,0.0577392578125,-0.1258544921875,66.71142578125,20.629880905151367,44.555660247802734,4,gustav
1772895844.8690536,-1.1085205078125,-0.044677734375,-0.079345703125,32.2265625,15.991209983825684,45.654293060302734,4,gustav
1772895844.9315777,-1.1983642578125,-0.079833984375,-0.0936279296875,18.1884765625,16.29638671875,38.57421875,4,gustav
1772895845.0511475,-1.0635986328125,-0.107421875,-0.147705078125,16.90673828125,18.06640625,40.710445404052734,4,gustav
1772895845.0511475,-1.150634765625,-0.156494140625,0.0784912109375,30.029294967651367,16.4794921875,35.7666015625,4,gustav
1772895845.0511475,-1.2197265625,-0.1767578125,-0.081298828125,38.9404296875,19.04296875,36.4990234375,4,gustav
1772895845.3521943,-1.111083984375,-0.294921875,0.0797119140625,43.762203216552734,25.024412155151367,17.7001953125,4,gustav
1772895845.3530543,-1.093505859375,-0.2535400390625,0.0611572265625,39.0625,15.075682640075684,8.60595703125,4,gustav
1772895845.40858,-1.00634765625,-0.295654296875,0.09130859375,30.273435592651367,23.132322311401367,-13.366698265075684,4,gustav
1772895845.4137952,-0.7310791015625,-0.30419921875,0.2020263671875,13.977049827575684,13.244627952575684,-19.95849609375,4,gustav
1772895845.4137952,-0.6485595703125,-0.2166748046875,0.1468505859375,-5.676269054412842,6.286620616912842,-35.70556640625,4,gustav
1772895845.417416,-0.493408203125,-0.0233154296875,0.1239013671875,20.690916061401367,8.056640625,-17.39501953125,4,gustav
1772895845.469217,-0.4830322265625,0.03564453125,0.091796875,8.72802734375,12.756346702575684,0.6103515625,4,gustav
1772895845.469217,-0.433349609375,-0.039794921875,0.042724609375,9.27734375,7.934569835662842,14.587401390075684,4,gustav
1772895845.5327551,-0.5560302734375,0.0611572265625,0.111572265625,-3.112792730331421,10.803221702575684,21.240232467651367,4,gustav
1772895845.5917678,-0.588623046875,-0.01611328125,-0.0513916015625,-5.065917491912842,3.479003667831421,28.442380905151367,4,gustav
1772895845.5917678,-0.6807861328125,-0.0587158203125,0.1158447265625,-3.417968511581421,2.50244140625,23.925779342651367,4,gustav
1772895845.651351,-0.717529296875,-0.060546875,0.0533447265625,-5.065917491912842,-9.1552734375,30.456541061401367,4,gustav
1772895845.7724776,-0.874267578125,-0.226806640625,0.102294921875,-6.469726085662842,-13.671874046325684,25.329587936401367,4,gustav
1772895845.7724776,-0.8349609375,-0.205322265625,0.0953369140625,-10.559081077575684,-18.5546875,28.198240280151367,4,gustav
1772895845.7724776,-1.0406494140625,-0.2991943359375,0.060791015625,-6.591796398162842,-15.441893577575684,20.751951217651367,4,gustav
1772895845.8325303,-0.890380859375,-0.258544921875,0.108154296875,-26.428220748901367,-18.98193359375,21.850584030151367,4,gustav
1772895845.8325303,-0.9598388671875,-0.2349853515625,-0.0185546875,-20.202634811401367,-15.502928733825684,13.244627952575684,4,gustav
1772895845.9517596,-0.8626708984375,-0.2696533203125,0.1695556640625,-33.3251953125,-4.57763671875,4.94384765625,4,gustav
1772895845.9517596,-0.895751953125,-0.2528076171875,-0.031494140625,-28.625486373901367,-9.58251953125,-10.742186546325684,4,gustav
1772895845.9535294,-0.856689453125,-0.17578125,0.14111328125,-33.5693359375,15.747069358825684,-18.85986328125,4,gustav
1772895846.0617664,-0.99169921875,-0.2994384765625,-0.0020751953125,-7.507323741912842,-14.831542015075684,-27.160642623901367,4,gustav
1772895846.0617664,-1.070068359375,-0.1444091796875,0.0736083984375,-2.25830078125,4.39453125,-47.424312591552734,4,gustav
1772895846.0617664,-0.979248046875,-0.20654296875,0.03076171875,-8.7890625,-27.099607467651367,-28.076169967651367,4,gustav
1772895846.1277797,-1.0966796875,-0.14013671875,0.021728515625,-6.530761241912842,-23.803709030151367,-46.447750091552734,4,gustav
1772895846.1277797,-0.7969970703125,-0.072265625,-0.0140380859375,-20.507810592651367,-6.713866710662842,-43.151851654052734,4,gustav
1772895846.1905372,-1.2216796875,-0.16357421875,0.0528564453125,-4.5166015625,-25.756834030151367,-55.725093841552734,4,gustav
1772895846.2523448,-1.0242919921875,-0.0377197265625,0.08251953125,-25.451658248901367,-18.1884765625,-43.945308685302734,4,gustav
1772895846.2533705,-1.1195068359375,-0.1114501953125,-0.0040283203125,-32.40966796875,-32.89794921875,-34.912109375,4,gustav
1772895846.4296224,-1.1932373046875,0.15673828125,0.1053466796875,-52.551265716552734,-31.372068405151367,-22.766111373901367,4,gustav
1772895846.4296224,-1.102783203125,0.0299072265625,-0.1568603515625,-67.81005859375,-33.26416015625,-2.990722417831421,4,gustav
1772895846.4296224,-1.12548828125,0.12255859375,0.04150390625,-76.0498046875,-23.620603561401367,-36.4990234375,4,gustav
1772895846.4358282,-1.1617431640625,0.1201171875,-0.1324462890625,-62.805171966552734,-39.73388671875,-41.931148529052734,4,gustav
1772895846.4926372,-1.255859375,0.1640625,-0.240478515625,-73.8525390625,-21.179197311401367,-30.151365280151367,4,gustav
1772895846.4926372,-1.158447265625,0.158935546875,-0.348876953125,-52.307125091552734,-1.6479490995407104,-7.873534679412842,4,gustav
1772895846.5513287,-1.1033935546875,0.2642822265625,-0.1669921875,-38.4521484375,1.9531248807907104,2.746581792831421,4,gustav
1772895846.6727035,-1.0545654296875,0.19091796875,-0.3004150390625,25.085447311401367,0.6103515625,6.652831554412842,4,gustav
1772895846.7326086,-1.00048828125,0.1304931640625,-0.0887451171875,29.846189498901367,3.784179449081421,-12.329100608825684,4,gustav
1772895846.7326086,-0.9991455078125,0.1295166015625,-0.2203369140625,32.53173828125,1.7089842557907104,-10.559081077575684,4,gustav
1772895846.7326086,-0.9888916015625,0.0980224609375,-0.105712890625,11.474608421325684,7.812499523162842,-0.1831054538488388,4,gustav
1772895846.7874122,-1.0726318359375,0.1439208984375,-0.15625,7.446288585662842,5.493163585662842,12.268065452575684,4,gustav
1772895846.9122236,-1.1065673828125,0.130859375,-0.173583984375,-0.8544921278953552,18.00537109375,17.88330078125,4,gustav
1772895846.9122236,-1.2113037109375,0.16064453125,-0.13525390625,14.282225608825684,12.756346702575684,28.930662155151367,4,gustav
1772895846.9122236,-1.1881103515625,0.105224609375,-0.195556640625,30.395505905151367,23.376462936401367,46.264644622802734,4,gustav
1772895846.9146917,-1.2174072265625,0.07666015625,-0.050048828125,36.56005859375,21.972654342651367,48.706050872802734,4,gustav
1772895846.9732993,-1.2132568359375,0.0037841796875,-0.1632080078125,52.307125091552734,25.329587936401367,66.58935546875,4,gustav
1772895846.9732993,-1.180908203125,-0.1485595703125,0.0609130859375,38.6962890625,21.545408248901367,80.13916015625,4,gustav
1772895847.034402,-1.29296875,-0.135009765625,-0.1085205078125,45.471187591552734,12.878417015075684,88.07372283935547,4,gustav
1772895847.0873578,-1.1212158203125,-0.1165771484375,0.0283203125,11.352538108825684,28.015134811401367,73.486328125,4,gustav
1772895847.0873578,-1.2203369140625,-0.267333984375,-0.01171875,22.644041061401367,25.451658248901367,76.66015625,4,gustav
1772895847.1509311,-1.20751953125,-0.2615966796875,-0.0201416015625,31.494138717651367,43.029781341552734,76.47705078125,4,gustav
1772895847.2110844,-1.091552734375,-0.240966796875,0.045166015625,32.77587890625,47.607418060302734,60.852046966552734,4,gustav
1772895847.2728026,-0.971923828125,-0.393798828125,0.0552978515625,47.119136810302734,39.36767578125,47.912593841552734,4,gustav
1772895847.2728026,-0.83447265625,-0.4195556640625,0.061767578125,39.4287109375,39.24560546875,21.545408248901367,4,gustav
1772895847.3268661,-0.7530517578125,-0.461669921875,0.0909423828125,25.512693405151367,29.418943405151367,1.2817381620407104,4,gustav
1772895847.3268661,-0.793212890625,-0.418701171875,0.0306396484375,10.742186546325684,28.991697311401367,-23.803709030151367,4,gustav
1772895847.3923974,-0.7381591796875,-0.346923828125,0.0853271484375,13.122557640075684,26.733396530151367,-46.325679779052734,4,gustav
1772895847.4461894,-0.795654296875,-0.36572265625,0.02197265625,22.216794967651367,20.751951217651367,-58.227535247802734,4,gustav
1772895847.4461894,-0.8763427734375,-0.3050537109375,-0.11279296875,26.977537155151367,38.57421875,-81.84813690185547,4,gustav
1772895847.5086389,-0.6207275390625,-0.1549072265625,0.156494140625,33.5693359375,45.593257904052734,-106.50634002685547,4,gustav
1772895847.5701573,-0.513916015625,-0.0587158203125,0.07763671875,19.59228515625,25.756834030151367,-78.0029296875,4,gustav
1772895847.5701573,-0.439208984375,-0.215576171875,0.20751953125,-3.417968511581421,2.685546636581421,-52.673336029052734,4,gustav
1772895847.6302965,-0.4051513671875,-0.1446533203125,0.2421875,-25.573728561401367,7.446288585662842,-28.564451217651367,4,gustav
1772895847.6917026,-0.367431640625,-0.08154296875,0.1982421875,-30.578611373901367,-6.225585460662842,5.126952648162842,4,gustav
1772895847.6917026,-0.4080810546875,-0.1138916015625,0.197998046875,-23.193357467651367,-20.568845748901367,36.92626953125,4,gustav
1772895847.811225,-0.50048828125,-0.1265869140625,0.22705078125,-20.996091842651367,-21.057126998901367,50.170894622802734,4,gustav
1772895847.811225,-0.6522216796875,-0.2120361328125,0.08447265625,-6.835937023162842,-20.324705123901367,62.561031341552734,4,gustav
1772895847.811225,-0.7518310546875,-0.27734375,0.135498046875,-6.591796398162842,-18.4326171875,55.114742279052734,4,gustav
1772895847.8732858,-1.0921630859375,-0.2734375,0.0296630859375,4.0283203125,-6.164550304412842,42.297359466552734,4,gustav
1772895847.9305937,-0.9251708984375,-0.2938232421875,0.1573486328125,-10.681151390075684,-8.36181640625,29.357908248901367,4,gustav
1772895847.9305937,-1.11572265625,-0.3038330078125,0.14697265625,-19.1650390625,-26.611326217651367,16.357421875,4,gustav
1772895848.0514467,-0.913330078125,-0.289306640625,0.16943359375,-39.36767578125,-23.254392623901367,15.136717796325684,4,gustav
1772895848.1119351,-0.9642333984375,-0.2586669921875,0.183837890625,-48.889156341552734,-29.968259811401367,-2.25830078125,4,gustav
1772895848.1119351,-0.732421875,-0.1956787109375,0.114013671875,-38.0859375,-26.123044967651367,3.234863042831421,4,gustav
1772895848.1119351,-0.8680419921875,-0.23388671875,0.080322265625,-33.203125,-27.343748092651367,-20.446775436401367,4,gustav
1772895848.1119351,-0.6673583984375,-0.2462158203125,0.125,-31.311033248901367,-23.742673873901367,-23.010251998901367,4,gustav
1772895848.2290757,-0.8834228515625,-0.2052001953125,0.049560546875,-22.155759811401367,-23.498533248901367,-41.625972747802734,4,gustav
1772895848.2290757,-0.87109375,-0.2808837890625,0.024169921875,-29.479978561401367,-24.719236373901367,-48.400875091552734,4,gustav
1772895848.2290757,-1.0902099609375,-0.1668701171875,0.095947265625,-15.380858421325684,-30.029294967651367,-56.457515716552734,4,gustav
1772895848.2914257,-0.9813232421875,-0.20556640625,-0.0823974609375,-34.5458984375,-31.311033248901367,-38.75732421875,4,gustav
1772895848.3471746,-1.2645263671875,-0.069091796875,0.0303955078125,-22.216794967651367,-38.4521484375,-64.02587890625,4,gustav
1772895848.4114213,-0.951171875,-0.0673828125,-0.1246337890625,-23.620603561401367,-39.00146484375,-39.9169921875,4,gustav
1772895848.5289626,-1.3826904296875,-0.0965576171875,-0.1314697265625,-22.033689498901367,-27.832029342651367,-65.97900390625,4,gustav
1772895848.5289626,-1.150146484375,0.05029296875,0.014404296875,-34.48486328125,-21.545408248901367,-63.598628997802734,4,gustav
1772895848.5289626,-1.458984375,0.0330810546875,-0.23095703125,-32.71484375,-26.550291061401367,-57.617183685302734,4,gustav
1772895848.5289626,-1.235107421875,0.155029296875,-0.025634765625,-30.334470748901367,-15.930174827575684,-48.522945404052734,4,gustav
1772895848.651164,-1.1126708984375,0.1214599609375,-0.2158203125,-18.37158203125,-25.695798873901367,-25.878904342651367,4,gustav
1772895848.651164,-1.1480712890625,0.183349609375,-0.1453857421875,-16.845703125,-13.793944358825684,-27.832029342651367,4,gustav
1772895848.6540532,-1.0137939453125,0.1539306640625,-0.119384765625,-12.329100608825684,-5.554198741912842,-25.451658248901367,4,gustav
1772895848.7087395,-1.0223388671875,0.2308349609375,-0.15234375,1.8920897245407104,-5.615233898162842,-11.840819358825684,4,gustav
1772895848.7708747,-0.99560546875,0.18310546875,-0.1602783203125,4.0283203125,-3.051757574081421,0.8544921278953552,4,gustav
1772895848.7708747,-0.982177734375,0.1680908203125,-0.1357421875,1.6479490995407104,1.6479490995407104,3.662109136581421,4,gustav
1772895848.83147,-0.9710693359375,0.1480712890625,-0.179931640625,3.356933355331421,6.591796398162842,1.5258787870407104,4,gustav
1772895848.83147,-1.01806640625,0.1827392578125,-0.1861572265625,5.493163585662842,5.371093273162842,4.21142578125,4,gustav
1772895849.1286087,-1.02001953125,0.134765625,-0.1771240234375,14.953612327575684,6.530761241912842,10.620116233825684,4,gustav
1772895849.1286087,-1.1331787109375,0.1619873046875,-0.188720703125,10.742186546325684,12.756346702575684,18.49365234375,4,gustav
1772895849.1910803,-1.1534423828125,0.1990966796875,-0.0704345703125,15.502928733825684,20.629880905151367,34.423828125,4,gustav
1772895849.1910803,-1.310791015625,0.115234375,-0.1478271484375,29.479978561401367,25.390623092651367,51.818843841552734,4,gustav
1772895849.1910803,-1.322998046875,0.0535888671875,-0.11279296875,30.212400436401367,37.4755859375,68.90869140625,4,gustav
1772895849.2510815,-1.2166748046875,0.0428466796875,-0.0338134765625,42.236324310302734,38.75732421875,77.08740234375,4,gustav
1772895849.309177,-1.158935546875,-0.267333984375,0.049560546875,34.11865234375,41.564937591552734,70.3125,4,gustav
1772895849.309177,-1.042236328125,-0.1253662109375,0.094970703125,29.785154342651367,34.97314453125,51.513668060302734,4,gustav
1772895849.3699026,-0.923095703125,-0.3055419921875,0.1025390625,36.9873046875,23.437498092651367,35.70556640625,4,gustav
1772895849.3699026,-0.957275390625,-0.3402099609375,0.11865234375,36.56005859375,16.6015625,14.099120140075684,4,gustav
1772895849.3699026,-1.00146484375,-0.3656005859375,0.041015625,22.033689498901367,18.12744140625,-4.57763671875,4,gustav
1772895849.4912424,-0.871337890625,-0.4083251953125,0.1697998046875,24.963376998901367,15.747069358825684,-29.479978561401367,4,gustav
1772895849.4912424,-0.81201171875,-0.3739013671875,0.1041259765625,20.202634811401367,9.3994140625,-39.794921875,4,gustav
1772895849.4912424,-0.75146484375,-0.33349609375,0.044677734375,18.6767578125,3.356933355331421,-51.025386810302734,4,gustav
1772895849.5484595,-0.64794921875,-0.34130859375,0.1807861328125,4.82177734375,5.0048828125,-57.067867279052734,4,gustav
1772895849.6118164,-0.5831298828125,-0.21240234375,-0.0159912109375,-1.4038084745407104,4.150390625,-48.583980560302734,4,gustav
1772895849.613499,-0.562744140625,-0.1424560546875,0.1279296875,-11.230467796325684,14.465331077575684,-46.142574310302734,4,gustav
1772895849.6732724,-0.5384521484375,-0.0023193359375,0.010986328125,5.126952648162842,12.756346702575684,-25.939939498901367,4,gustav
1772895849.732182,-0.4459228515625,-0.0382080078125,0.1204833984375,-0.9155272841453552,18.98193359375,-11.535643577575684,4,gustav
1772895849.732182,-0.4210205078125,0.02880859375,0.078125,7.751464366912842,13.305663108825684,-3.967284917831421,4,gustav
1772895849.7901435,-0.4031982421875,0.033203125,0.101806640625,-5.432128429412842,1.15966796875,20.141599655151367,4,gustav
1772895849.9072363,-0.5174560546875,-0.001220703125,0.0882568359375,-1.15966796875,-11.291502952575684,27.832029342651367,4,gustav
1772895849.9072363,-0.465087890625,-0.0556640625,0.1026611328125,-2.38037109375,-15.808104515075684,41.137691497802734,4,gustav
1772895849.9072363,-0.6566162109375,-0.148193359375,0.04541015625,-4.5166015625,-14.160155296325684,39.794921875,4,gustav
1772895850.0865176,-0.685302734375,-0.252685546875,0.064208984375,-15.502928733825684,-16.11328125,38.87939453125,4,gustav
1772895850.15184,-0.8770751953125,-0.327880859375,0.041259765625,-15.380858421325684,-19.04296875,31.433103561401367,4,gustav
1772895850.15184,-0.982421875,-0.2786865234375,0.1195068359375,-26.550291061401367,-25.390623092651367,21.606443405151367,4,gustav
1772895850.15184,-1.05810546875,-0.389892578125,0.0150146484375,-27.038572311401367,-15.197752952575684,4.57763671875,4,gustav
1772895850.15184,-1.1533203125,-0.4654541015625,0.0709228515625,-62.744136810302734,-12.084959983825684,-7.934569835662842,4,gustav
1772895850.2076657,-1.043701171875,-0.187255859375,0.053955078125,-31.799314498901367,-15.686034202575684,-21.911619186401367,4,gustav
1772895850.269258,-0.9759521484375,-0.2528076171875,0.0408935546875,-0.8544921278953552,-14.892577171325684,-33.75244140625,4,gustav
1772895850.3271341,-1.0020751953125,-0.1527099609375,0.0853271484375,-4.150390625,-27.526853561401367,-35.82763671875,4,gustav
1772895850.3271341,-0.978759765625,-0.1925048828125,0.1312255859375,-8.60595703125,-32.1044921875,-37.7197265625,4,gustav
1772895850.3919358,-1.0867919921875,-0.1710205078125,-0.0211181640625,-29.235837936401367,-31.555173873901367,-35.82763671875,4,gustav
1772895850.393457,-1.1220703125,-0.149658203125,0.11376953125,-34.36279296875,-32.3486328125,-42.541500091552734,4,gustav
1772895850.4523885,-1.041748046875,-0.0562744140625,-0.172119140625,-24.169919967651367,-34.11865234375,-45.715328216552734,4,gustav
1772895850.5718448,-0.9912109375,-0.05615234375,0.03369140625,-12.634276390075684,-43.579097747802734,-55.664058685302734,4,gustav
1772895850.572739,-0.9783935546875,-0.0411376953125,-0.0908203125,-15.624999046325684,-66.89453125,-66.58935546875,4,gustav
1772895850.572739,-1.2503662109375,-0.12060546875,0.0084228515625,-49.926753997802734,-76.35498046875,-114.99022674560547,4,gustav
1772895850.6281886,-1.551513671875,0.309326171875,-0.3621826171875,-67.2607421875,-49.377437591552734,-141.4794921875,4,gustav
1772895850.6281886,-1.352783203125,0.1995849609375,-0.3118896484375,-115.90575408935547,0.7324218153953552,-54.260250091552734,4,gustav
1772895850.6921747,-1.041259765625,0.3450927734375,-0.1861572265625,-123.47411346435547,18.9208984375,46.264644622802734,4,gustav
1772895850.7472842,-0.9520263671875,0.4000244140625,-0.28369140625,-82.39745330810547,29.235837936401367,65.61279296875,4,gustav
1772895850.7472842,-1.0440673828125,0.0255126953125,-0.3878173828125,-52.001949310302734,33.02001953125,47.546382904052734,4,gustav
1772895850.8090675,-0.9493408203125,0.13720703125,-0.1461181640625,-32.8369140625,41.931148529052734,11.108397483825684,4,gustav
1772895850.9319606,-0.9229736328125,0.072021484375,-0.2564697265625,5.615233898162842,21.118162155151367,-3.051757574081421,4,gustav
1772895850.933729,-0.89599609375,0.1058349609375,-0.088134765625,5.0048828125,5.310058116912842,-9.58251953125,4,gustav
1772895850.933729,-0.924560546875,0.13720703125,-0.1746826171875,14.038084983825684,-0.4882812201976776,-13.366698265075684,4,gustav
